MatchID,Defending Result,Defending Team,Chasing Team,Defending Stadium,Time,Defending Toss,Bat2 Strength,Bowl2 Strength,First Inn Score,First Inn Median,Second Inn Median,Ground Altitude,Ground Length,Ground Width
1,1,KOLKATA KNIGHT RIDERS,DECCAN CHARGERS,AWAY,Day/Night,LOST,26972.99344,3941.937389,161,157.2,144.4,10,137.88,149.17
2,1,MUMBAI INDIANS,RAJASTHAN ROYALS,HOME,Day,WON,19653.90794,4158.073371,212,154,146.5,2,143.07,136.88
3,0,PUNJAB KINGS,DELHI CAPITALS,HOME,Day/Night,LOST,25805.84621,3787.34946,142,178,169,318,137.16,137.16
4,0,ROYAL CHALLENGERS BANGALORE,KOLKATA KNIGHT RIDERS,AWAY,Day,LOST,26328.5345,3004.479992,135,137,124,5,135,135
5,1,DECCAN CHARGERS,CHENNAI SUPER KINGS,AWAY,Day/Night,WON,29912.55031,3722.347364,190,169,163,5,131.66,137.16
6,0,RAJASTHAN ROYALS,DELHI CAPITALS,HOME,Day/Night,LOST,26509.99749,3949.025884,141,154,146.5,54,164.592,137.16
7,0,PUNJAB KINGS,ROYAL CHALLENGERS BANGALORE,AWAY,Day,WON,23730.17886,3831.234885,203,154,138,917,118.872,107.8992
8,1,CHENNAI SUPER KINGS,KOLKATA KNIGHT RIDERS,AWAY,Day/Night,WON,29400.51928,3739.916871,164,136,130,5,135,135
9,1,MUMBAI INDIANS,DELHI CAPITALS,AWAY,Day/Night,LOST,27090.45351,4012.63767,218,181.5,180,208,136,130
10,0,RAJASTHAN ROYALS,ROYAL CHALLENGERS BANGALORE,AWAY,Day/Night,LOST,25578.02633,2997.957556,92,155,145.5,917,118.872,107.8992
11,0,DELHI CAPITALS,CHENNAI SUPER KINGS,HOME,Day,WON,27571.19777,3554.228655,185,187,179,208,136,130
12,1,DECCAN CHARGERS,PUNJAB KINGS,HOME,Day/Night,LOST,28281.54749,3786.366337,170,155,146,26,148.23,144.72
13,1,RAJASTHAN ROYALS,KOLKATA KNIGHT RIDERS,HOME,Day,WON,24985.01671,2770.229041,168,153,145.2,54,164.592,137.16
14,0,MUMBAI INDIANS,ROYAL CHALLENGERS BANGALORE,HOME,Day/Night,WON,25964.39053,4198.605358,151,167.2,158.4,2,143.07,136.88
15,1,DECCAN CHARGERS,DELHI CAPITALS,HOME,Day,WON,23912.43593,4484.379659,171,158.8,149.6,26,148.23,144.72
16,1,PUNJAB KINGS,CHENNAI SUPER KINGS,AWAY,Day/Night,LOST,28085.00524,3433.89505,136,175,161,5,131.66,137.16
17,0,KOLKATA KNIGHT RIDERS,MUMBAI INDIANS,AWAY,Day/Night,WON,25598.68243,2638.255417,155,166.2,160.2,2,143.07,136.88
18,1,ROYAL CHALLENGERS BANGALORE,CHENNAI SUPER KINGS,HOME,Day/Night,LOST,26425.44603,2924.48551,171,154,138,917,118.872,107.8992
19,1,RAJASTHAN ROYALS,PUNJAB KINGS,AWAY,Day/Night,LOST,24120.86154,2650.833116,183,176.5,165.5,318,137.16,137.16
20,1,DELHI CAPITALS,ROYAL CHALLENGERS BANGALORE,AWAY,Day,LOST,29949.37217,2980.360098,183,155,136.5,917,118.872,107.8992
21,0,CHENNAI SUPER KINGS,MUMBAI INDIANS,AWAY,Day/Night,LOST,26732.53565,4072.398113,180,155.4,152.4,2,143.07,136.88
22,0,DECCAN CHARGERS,RAJASTHAN ROYALS,AWAY,Day/Night,WON,29751.92246,4507.736485,148,155.4,143.7,54,164.592,137.16
23,1,KOLKATA KNIGHT RIDERS,PUNJAB KINGS,AWAY,Day/Night,WON,23575.42353,2694.192563,183,178,162,318,137.16,137.16
24,1,RAJASTHAN ROYALS,CHENNAI SUPER KINGS,HOME,Day,WON,31285.91916,2815.876803,177,151.2,144.2,54,164.592,137.16
25,1,MUMBAI INDIANS,DECCAN CHARGERS,AWAY,Day/Night,LOST,26617.49728,3199.782114,172,161,150,10,137.88,149.17
26,1,DELHI CAPITALS,KOLKATA KNIGHT RIDERS,HOME,Day/Night,WON,24488.46135,3153.920318,177,186,180,208,136,130
27,0,PUNJAB KINGS,MUMBAI INDIANS,AWAY,Day/Night,LOST,28612.68737,2860.800118,163,165.4,164.2,2,143.07,136.88
28,0,ROYAL CHALLENGERS BANGALORE,CHENNAI SUPER KINGS,AWAY,Day,WON,30809.52971,3382.112514,161,169,159,5,131.66,137.16
29,1,DELHI CAPITALS,RAJASTHAN ROYALS,HOME,Day/Night,WON,33005.99696,3771.455602,188,185,179,208,136,130
30,1,KOLKATA KNIGHT RIDERS,DECCAN CHARGERS,HOME,Day/Night,WON,25407.47759,2837.50475,181,137,124,5,135,135
31,0,PUNJAB KINGS,ROYAL CHALLENGERS BANGALORE,HOME,Day/Night,WON,24714.34838,4018.537294,181,180,157,318,137.16,137.16
32,1,CHENNAI SUPER KINGS,RAJASTHAN ROYALS,HOME,Day,WON,28816.12938,3541.329093,246,165,160.5,5,131.66,137.16
33,1,MUMBAI INDIANS,DECCAN CHARGERS,HOME,Day/Night,WON,27044.14421,3341.66138,178,163,164,2,143.07,136.88
34,0,KOLKATA KNIGHT RIDERS,PUNJAB KINGS,HOME,Day,WON,22693.21958,2881.309034,200,142,130,5,135,135
35,1,DELHI CAPITALS,ROYAL CHALLENGERS BANGALORE,HOME,Day/Night,WON,26733.13544,4569.00557,184,186,158,208,136,130
36,1,RAJASTHAN ROYALS,DECCAN CHARGERS,AWAY,Day/Night,WON,22739.46824,2975.964479,159,161,148,290,146.304,155.448
37,1,CHENNAI SUPER KINGS,MUMBAI INDIANS,HOME,Day/Night,WON,29254.53438,3513.134652,165,169,162,5,131.66,137.16
38,0,PUNJAB KINGS,RAJASTHAN ROYALS,AWAY,Day,WON,35380.48149,3822.011088,153,156,146,429,145.06,142.33
39,1,KOLKATA KNIGHT RIDERS,DELHI CAPITALS,HOME,Day/Night,WON,35354.32542,2514.073669,181,147,136,5,135,135
40,0,ROYAL CHALLENGERS BANGALORE,DECCAN CHARGERS,HOME,Day/Night,LOST,23663.7086,2548.396532,184,156,138,917,118.872,107.8992
41,0,MUMBAI INDIANS,PUNJAB KINGS,AWAY,Day/Night,WON,27993.77413,3853.646687,154,181,162,318,137.16,137.16
42,0,CHENNAI SUPER KINGS,DECCAN CHARGERS,AWAY,Day,WON,25951.41876,3661.037335,138,160.6,151,290,146.304,155.448
43,0,KOLKATA KNIGHT RIDERS,ROYAL CHALLENGERS BANGALORE,AWAY,Day/Night,LOST,23839.88948,2837.399375,160,163.5,145.5,917,118.872,107.8992
44,0,DELHI CAPITALS,PUNJAB KINGS,HOME,Day,WON,26599.94361,4463.292276,111,185,147,208,136,130
45,1,MUMBAI INDIANS,RAJASTHAN ROYALS,AWAY,Day/Night,LOST,35726.99324,4491.024971,174,154.5,148.5,429,145.06,142.33
46,1,DECCAN CHARGERS,ROYAL CHALLENGERS BANGALORE,HOME,Day/Night,LOST,25798.79821,3614.265323,151,155.7,148.3,290,146.304,155.448
47,1,MUMBAI INDIANS,DELHI CAPITALS,HOME,Day,WON,29230.59906,4656.55006,183,170.5,160,2,143.07,136.88
48,0,KOLKATA KNIGHT RIDERS,CHENNAI SUPER KINGS,AWAY,Day/Night,WON,30364.33116,2520.865071,139,167,160.5,5,131.66,137.16
49,0,RAJASTHAN ROYALS,ROYAL CHALLENGERS BANGALORE,HOME,Day/Night,WON,26151.40798,3585.26081,130,156,146,429,145.06,142.33
50,0,CHENNAI SUPER KINGS,DELHI CAPITALS,HOME,Day/Night,WON,26013.15379,3949.22961,112,165,159,5,131.66,137.16
51,0,PUNJAB KINGS,DECCAN CHARGERS,HOME,Day/Night,LOST,26484.89584,2941.251028,174,160,147,1162,134.76,137.85
52,1,MUMBAI INDIANS,ROYAL CHALLENGERS BANGALORE,AWAY,Day,LOST,26668.45523,3956.586325,191,160,153,917,118.872,107.8992
53,0,RAJASTHAN ROYALS,KOLKATA KNIGHT RIDERS,AWAY,Day/Night,WON,24232.07913,2857.983583,132,148,137,5,135,135
54,0,PUNJAB KINGS,CHENNAI SUPER KINGS,HOME,Day,LOST,30851.49475,2854.56875,192,162.8,153.2,1162,134.76,137.85
55,1,DECCAN CHARGERS,DELHI CAPITALS,AWAY,Day/Night,WON,25330.42297,3900.19915,145,184.5,142,208,136,130
56,0,MUMBAI INDIANS,KOLKATA KNIGHT RIDERS,AWAY,Day/Night,WON,23775.50372,3201.498121,133,147,136,5,135,135
57,1,MUMBAI INDIANS,ROYAL CHALLENGERS BANGALORE,NEUTRAL,Day/Night,WON,26734.1556,4535.756803,184,161.5,141.5,10,137.88,149.17
58,1,CHENNAI SUPER KINGS,DECCAN CHARGERS,AWAY,Day/Night,WON,26818.54717,3874.689606,142,162,149,10,137.88,149.17
59,0,DECCAN CHARGERS,ROYAL CHALLENGERS BANGALORE,HOME,Day/Night,WON,22497.44706,3805.318385,82,161.5,141,10,137.88,149.17
60,1,CHENNAI SUPER KINGS,MUMBAI INDIANS,NEUTRAL,Day/Night,WON,31515.50773,4287.505064,168,161,133,10,137.88,149.17
61,1,CHENNAI SUPER KINGS,KOLKATA KNIGHT RIDERS,HOME,Day/Night,WON,20250.95875,4458.399567,153,163,155.5,5,131.66,137.16
62,0,DECCAN CHARGERS,RAJASTHAN ROYALS,HOME,Day,LOST,20768.96921,3625.457349,137,165,167,495,135,135
63,0,KOCHI TUSKERS KERALA,ROYAL CHALLENGERS BANGALORE,HOME,Day/Night,WON,21000.51537,3099.686049,161,159,146,3,172.24,138.88
64,0,DELHI CAPITALS,MUMBAI INDIANS,HOME,Day,WON,29161.91804,3161.429395,95,184,137,208,136,130
65,0,PUNJAB KINGS,PUNE WARRIORS,AWAY,Day/Night,WON,20815.31519,2849.196195,112,161.5,139.5,10,137.88,149.17
66,1,KOLKATA KNIGHT RIDERS,DECCAN CHARGERS,HOME,Day/Night,WON,19317.96653,3303.372019,163,142,135.5,5,135,135
67,0,DELHI CAPITALS,RAJASTHAN ROYALS,AWAY,Day,WON,24583.90238,3011.228976,151,154.5,143.5,429,145.06,142.33
68,0,ROYAL CHALLENGERS BANGALORE,MUMBAI INDIANS,HOME,Day/Night,LOST,28473.00273,2765.915424,140,165.5,145.5,917,118.872,107.8992
69,0,CHENNAI SUPER KINGS,PUNJAB KINGS,AWAY,Day,LOST,25846.80297,4293.431755,188,179.5,160,318,137.16,137.16
70,0,KOCHI TUSKERS KERALA,PUNE WARRIORS,AWAY,Day/Night,WON,21375.15753,3146.591219,148,161,133,10,137.88,149.17
71,1,DECCAN CHARGERS,ROYAL CHALLENGERS BANGALORE,HOME,Day/Night,LOST,26578.679,2991.93709,175,164.5,160,495,135,135
72,0,RAJASTHAN ROYALS,KOLKATA KNIGHT RIDERS,HOME,Day,LOST,22261.32846,4316.002728,159,153,146,429,145.06,142.33
73,0,MUMBAI INDIANS,KOCHI TUSKERS KERALA,HOME,Day/Night,LOST,28245.53781,4496.435744,182,160.5,137,3,140,140
74,1,CHENNAI SUPER KINGS,ROYAL CHALLENGERS BANGALORE,HOME,Day,WON,25634.77197,3524.203675,183,161,152,5,131.66,137.16
75,0,DECCAN CHARGERS,PUNJAB KINGS,HOME,Day/Night,LOST,30609.49856,3219.368685,165,165,153,495,135,135
76,0,PUNE WARRIORS,DELHI CAPITALS,HOME,Day,LOST,24972.09906,3699.662728,187,157.5,139.5,10,137.88,149.17
77,0,RAJASTHAN ROYALS,KOLKATA KNIGHT RIDERS,AWAY,Day/Night,LOST,23389.89816,4284.984339,81,147,136,5,135,135
78,1,DECCAN CHARGERS,DELHI CAPITALS,AWAY,Day,WON,23547.29546,2984.46752,168,180.5,135.5,208,136,130
79,0,PUNE WARRIORS,MUMBAI INDIANS,AWAY,Day,WON,30051.74457,3749.163025,118,165,158,3,140,140
80,1,KOCHI TUSKERS KERALA,KOLKATA KNIGHT RIDERS,AWAY,Day/Night,LOST,22913.10272,3080.483007,132,142,135.5,5,135,135
81,1,PUNJAB KINGS,RAJASTHAN ROYALS,HOME,Day/Night,LOST,27023.48283,3686.857975,195,181,162,318,137.16,137.16
82,0,KOLKATA KNIGHT RIDERS,ROYAL CHALLENGERS BANGALORE,HOME,Day,LOST,25296.46147,4393.06902,171,137,135,5,135,135
83,1,MUMBAI INDIANS,CHENNAI SUPER KINGS,HOME,Day/Night,LOST,33665.94719,4613.147061,164,160.5,141,3,140,140
84,1,DELHI CAPITALS,PUNJAB KINGS,HOME,Day/Night,LOST,33661.09608,2726.99493,231,177,137,208,136,130
85,1,MUMBAI INDIANS,DECCAN CHARGERS,AWAY,Day,LOST,22097.24779,4382.309903,172,165,159.5,495,135,135
86,0,KOCHI TUSKERS KERALA,RAJASTHAN ROYALS,AWAY,Day/Night,LOST,33510.39732,3260.48526,109,154.5,148.5,429,145.06,142.33
87,1,CHENNAI SUPER KINGS,PUNE WARRIORS,HOME,Day/Night,LOST,23177.51747,3763.272441,142,163,155.5,5,131.66,137.16
88,0,DELHI CAPITALS,ROYAL CHALLENGERS BANGALORE,HOME,Day/Night,LOST,25045.7902,2849.994096,160,180.5,142,208,136,130
89,0,PUNE WARRIORS,CHENNAI SUPER KINGS,HOME,Day,WON,32676.65455,3824.739777,141,161,146,10,137.88,149.17
90,0,DECCAN CHARGERS,KOCHI TUSKERS KERALA,AWAY,Day/Night,LOST,23846.18947,2973.231282,129,154.4,147.6,3,172.24,138.88
91,1,KOLKATA KNIGHT RIDERS,DELHI CAPITALS,AWAY,Day/Night,LOST,29493.79399,3230.67198,148,177,147,208,136,130
92,0,MUMBAI INDIANS,RAJASTHAN ROYALS,AWAY,Day,LOST,35169.10345,4330.874259,94,153,146,429,145.06,142.33
93,1,ROYAL CHALLENGERS BANGALORE,PUNE WARRIORS,HOME,Day/Night,LOST,21366.22952,2659.716113,181,160,143,917,118.872,107.8992
94,1,DELHI CAPITALS,KOCHI TUSKERS KERALA,AWAY,Day,WON,23827.07381,3173.752645,157,142.2,139.8,3,172.24,138.88
95,0,PUNJAB KINGS,KOLKATA KNIGHT RIDERS,AWAY,Day/Night,LOST,25320.90392,3419.194186,119,142,135.5,5,135,135
96,0,PUNE WARRIORS,RAJASTHAN ROYALS,AWAY,Day,LOST,32908.69508,3498.31015,143,152,143.5,429,145.06,142.33
97,1,CHENNAI SUPER KINGS,DECCAN CHARGERS,HOME,Day/Night,WON,20369.61825,3862.706409,165,161,152,5,131.66,137.16
98,1,MUMBAI INDIANS,PUNJAB KINGS,HOME,Day,LOST,32127.83336,4222.559095,159,164,156,3,140,140
99,0,DELHI CAPITALS,KOCHI TUSKERS KERALA,HOME,Day/Night,LOST,21032.91215,3440.338044,140,176.5,142,208,136,130
100,1,KOLKATA KNIGHT RIDERS,DECCAN CHARGERS,AWAY,Day/Night,LOST,18711.01406,3629.953128,169,165,153,495,135,135
101,0,RAJASTHAN ROYALS,CHENNAI SUPER KINGS,AWAY,Day,WON,32895.8137,3638.984427,147,163,151.5,5,131.66,137.16
102,1,MUMBAI INDIANS,PUNE WARRIORS,AWAY,Day/Night,LOST,20685.55074,4717.489543,160,157.5,145.5,10,137.88,149.17
103,1,KOCHI TUSKERS KERALA,KOLKATA KNIGHT RIDERS,HOME,Day,LOST,22761.92581,3444.79362,156,147,130.8,3,172.24,138.88
104,0,DECCAN CHARGERS,DELHI CAPITALS,HOME,Day/Night,LOST,25075.7847,3295.942671,175,167,151,495,135,135
105,1,ROYAL CHALLENGERS BANGALORE,PUNJAB KINGS,HOME,Day/Night,LOST,30203.56668,2338.889178,205,165.5,148,917,118.872,107.8992
106,1,MUMBAI INDIANS,DELHI CAPITALS,HOME,Day/Night,LOST,28052.57968,4706.673451,178,161.5,146,3,140,140
107,0,KOCHI TUSKERS KERALA,ROYAL CHALLENGERS BANGALORE,AWAY,Day,WON,27356.58869,3350.688259,125,171,143,917,118.872,107.8992
108,0,PUNJAB KINGS,PUNE WARRIORS,HOME,Day/Night,WON,22467.42575,2668.069767,119,181.5,160,318,137.16,137.16
109,1,CHENNAI SUPER KINGS,RAJASTHAN ROYALS,AWAY,Day/Night,LOST,25500.95101,3914.534659,196,151,144,429,145.06,142.33
110,0,DECCAN CHARGERS,PUNE WARRIORS,HOME,Day,WON,23398.58352,3472.359104,136,169,153,495,135,135
111,0,PUNJAB KINGS,MUMBAI INDIANS,HOME,Day/Night,LOST,29807.17346,2793.248956,163,181,158,318,137.16,137.16
112,0,RAJASTHAN ROYALS,ROYAL CHALLENGERS BANGALORE,HOME,Day/Night,LOST,26897.57428,3241.518987,146,152,142.5,429,145.06,142.33
113,1,CHENNAI SUPER KINGS,DELHI CAPITALS,HOME,Day/Night,WON,27684.52636,4177.567706,176,161,151,5,131.66,137.16
114,0,KOCHI TUSKERS KERALA,PUNJAB KINGS,HOME,Day/Night,LOST,24196.79629,3256.418154,178,159,146,552,136,112
115,1,DECCAN CHARGERS,MUMBAI INDIANS,AWAY,Day/Night,WON,28280.57034,3295.894044,135,164,146,3,140,140
116,1,PUNJAB KINGS,DELHI CAPITALS,HOME,Day,LOST,21098.18214,3238.981594,170,168.6,162.2,1162,134.76,137.85
117,0,RAJASTHAN ROYALS,KOCHI TUSKERS KERALA,AWAY,Day/Night,LOST,25201.02919,3451.333405,97,162.8,152.6,552,136,112
118,0,PUNE WARRIORS,DECCAN CHARGERS,HOME,Day/Night,LOST,20487.62227,4148.629349,136,160,145,10,137.88,149.17
119,1,PUNJAB KINGS,ROYAL CHALLENGERS BANGALORE,HOME,Day/Night,WON,26857.86319,2958.167878,232,167.8,164.8,1162,134.76,137.85
120,1,CHENNAI SUPER KINGS,KOCHI TUSKERS KERALA,HOME,Day/Night,WON,22170.57448,4103.604082,152,163,151.5,5,131.66,137.16
121,0,PUNE WARRIORS,KOLKATA KNIGHT RIDERS,HOME,Day/Night,LOST,21980.42149,4062.024983,118,157,142,10,137.88,149.17
122,0,MUMBAI INDIANS,RAJASTHAN ROYALS,HOME,Day/Night,WON,22660.68885,4978.89352,133,161.5,141,3,140,140
123,1,DECCAN CHARGERS,PUNJAB KINGS,AWAY,Day,LOST,28041.27451,4027.548233,198,178,156.4,1162,134.76,137.85
124,0,CHENNAI SUPER KINGS,ROYAL CHALLENGERS BANGALORE,AWAY,Day,LOST,29672.31084,3875.17021,128,160,138,917,118.872,107.8992
125,0,KOLKATA KNIGHT RIDERS,MUMBAI INDIANS,HOME,Day/Night,LOST,23403.13995,4267.216084,175,136,134,5,135,135
126,0,ROYAL CHALLENGERS BANGALORE,CHENNAI SUPER KINGS,NEUTRAL,Day/Night,LOST,37467.11706,2905.84587,175,159,136,3,140,140
127,0,KOLKATA KNIGHT RIDERS,MUMBAI INDIANS,AWAY,Day/Night,LOST,29971.13422,3958.840636,147,161.5,141,3,140,140
128,1,ROYAL CHALLENGERS BANGALORE,MUMBAI INDIANS,NEUTRAL,Day/Night,LOST,31686.7805,3285.317956,185,161,151,5,131.66,137.16
129,1,CHENNAI SUPER KINGS,ROYAL CHALLENGERS BANGALORE,HOME,Day/Night,WON,27655.54134,3623.402858,205,163,150,5,131.66,137.16
130,0,CHENNAI SUPER KINGS,MUMBAI INDIANS,HOME,Day/Night,LOST,31758.3371,4029.257938,112,165,149,5,131.66,137.16
131,1,KOLKATA KNIGHT RIDERS,DELHI CAPITALS,HOME,Day/Night,LOST,21706.26259,3512.449529,97,137,135,5,135,135
132,1,PUNE WARRIORS,MUMBAI INDIANS,AWAY,Day,LOST,30031.79852,3539.554571,129,159,146,3,140,140
133,1,RAJASTHAN ROYALS,PUNJAB KINGS,HOME,Day/Night,LOST,28148.62338,3654.525073,191,151,144,429,145.06,142.33
134,1,ROYAL CHALLENGERS BANGALORE,DELHI CAPITALS,HOME,Day,LOST,21196.03156,3413.021348,157,158,136.5,917,118.872,107.8992
135,1,CHENNAI SUPER KINGS,DECCAN CHARGERS,AWAY,Day/Night,LOST,20396.2412,3870.996365,193,158,144,50,135.68,133.98
136,1,RAJASTHAN ROYALS,KOLKATA KNIGHT RIDERS,HOME,Day,LOST,24075.96668,4135.787909,164,152,145,429,145.06,142.33
137,1,PUNE WARRIORS,PUNJAB KINGS,HOME,Day/Night,WON,21758.47699,3536.758429,166,158,144,590,140.7,139.87
138,0,DECCAN CHARGERS,MUMBAI INDIANS,HOME,Day/Night,WON,25314.67736,3632.009519,138,165.4,139,50,135.68,133.98
139,1,KOLKATA KNIGHT RIDERS,ROYAL CHALLENGERS BANGALORE,AWAY,Day,LOST,25089.67417,3636.061526,165,157,137,917,118.872,107.8992
140,0,CHENNAI SUPER KINGS,DELHI CAPITALS,AWAY,Day/Night,LOST,27288.55979,4174.522866,110,172,139,208,136,130
141,1,MUMBAI INDIANS,RAJASTHAN ROYALS,HOME,Day/Night,LOST,22177.86326,4601.464446,197,157.5,141,3,140,140
142,0,ROYAL CHALLENGERS BANGALORE,CHENNAI SUPER KINGS,AWAY,Day,WON,29643.84029,2966.177137,205,163,148.5,5,131.66,137.16
143,0,PUNE WARRIORS,PUNJAB KINGS,AWAY,Day/Night,LOST,27642.15164,3643.312836,115,179.5,155,318,137.16,137.16
144,0,RAJASTHAN ROYALS,KOLKATA KNIGHT RIDERS,AWAY,Day/Night,WON,24022.65761,4124.826364,131,136,134,5,135,135
145,0,CHENNAI SUPER KINGS,PUNE WARRIORS,AWAY,Day/Night,WON,20660.59335,3822.328469,155,159.6,143.2,590,140.7,139.87
146,1,PUNJAB KINGS,KOLKATA KNIGHT RIDERS,AWAY,Day,LOST,24227.91175,3845.118388,134,135,135,5,135,135
147,1,RAJASTHAN ROYALS,ROYAL CHALLENGERS BANGALORE,AWAY,Day/Night,WON,25111.66665,3924.346675,195,158.5,136,917,118.872,107.8992
148,0,MUMBAI INDIANS,DELHI CAPITALS,HOME,Day/Night,LOST,29693.1082,4609.684519,92,159,146,3,140,140
149,0,DECCAN CHARGERS,RAJASTHAN ROYALS,AWAY,Day,WON,26332.89294,3897.438946,196,153,144,429,145.06,142.33
150,0,PUNE WARRIORS,ROYAL CHALLENGERS BANGALORE,AWAY,Day/Night,WON,25753.65083,4028.455798,182,160,136,917,118.872,107.8992
151,0,PUNJAB KINGS,KOLKATA KNIGHT RIDERS,HOME,Day/Night,WON,23759.31537,3806.710873,124,178,152,318,137.16,137.16
152,0,DECCAN CHARGERS,DELHI CAPITALS,AWAY,Day,WON,27615.20654,3645.614446,157,168,137,208,136,130
153,1,CHENNAI SUPER KINGS,PUNE WARRIORS,HOME,Day/Night,LOST,23912.22081,3771.181836,164,165,149,5,131.66,137.16
154,0,PUNJAB KINGS,ROYAL CHALLENGERS BANGALORE,HOME,Day/Night,LOST,27722.52167,3041.464642,163,176.5,149.5,318,137.16,137.16
155,0,RAJASTHAN ROYALS,CHENNAI SUPER KINGS,AWAY,Day,WON,30737.30667,4143.028846,146,164.5,150,5,131.66,137.16
156,1,PUNE WARRIORS,DELHI CAPITALS,AWAY,Day/Night,LOST,29735.61453,3118.839595,192,164,139,208,136,130
157,0,MUMBAI INDIANS,PUNJAB KINGS,HOME,Day,WON,22755.55371,4378.580647,163,157.5,141,3,140,140
158,0,DECCAN CHARGERS,KOLKATA KNIGHT RIDERS,HOME,Day/Night,LOST,24667.60346,3463.429552,126,163.3,151.4,26,148.23,144.72
159,1,ROYAL CHALLENGERS BANGALORE,RAJASTHAN ROYALS,AWAY,Day/Night,LOST,29917.4517,2685.982872,189,154.5,145,429,145.06,142.33
160,0,PUNE WARRIORS,DELHI CAPITALS,HOME,Day,WON,28901.4044,3382.639778,146,159.3,146.4,590,140.7,139.87
161,0,PUNJAB KINGS,MUMBAI INDIANS,HOME,Day,WON,28113.25919,3331.849282,168,175,152,318,137.16,137.16
162,1,DECCAN CHARGERS,PUNE WARRIORS,AWAY,Day/Night,WON,25672.93844,3111.717806,177,156.4,146.4,590,140.7,139.87
163,1,DELHI CAPITALS,MUMBAI INDIANS,HOME,Day/Night,LOST,26736.02708,3449.647704,207,168,141,208,136,130
164,1,PUNJAB KINGS,CHENNAI SUPER KINGS,AWAY,Day,WON,32316.03111,3518.139579,156,164,149,5,131.66,137.16
165,1,KOLKATA KNIGHT RIDERS,ROYAL CHALLENGERS BANGALORE,HOME,Day/Night,WON,27770.11227,3981.939464,190,134.5,134,5,135,135
166,1,DELHI CAPITALS,RAJASTHAN ROYALS,HOME,Day,WON,25648.24911,3505.768714,152,172,144,208,136,130
167,0,DECCAN CHARGERS,MUMBAI INDIANS,AWAY,Day/Night,LOST,28282.40426,3538.744881,100,159,146,3,140,140
168,0,CHENNAI SUPER KINGS,KOLKATA KNIGHT RIDERS,HOME,Day/Night,WON,25541.36836,3539.013173,139,162.5,149,5,131.66,137.16
169,1,DECCAN CHARGERS,PUNE WARRIORS,HOME,Day,WON,25477.23301,3550.085458,186,165.2,154.2,26,148.23,144.72
170,0,RAJASTHAN ROYALS,DELHI CAPITALS,HOME,Day/Night,WON,29369.50193,3690.840103,141,156,144,429,145.06,142.33
171,0,ROYAL CHALLENGERS BANGALORE,PUNJAB KINGS,HOME,Day/Night,LOST,23830.78025,2912.59037,158,162.5,136.5,917,118.872,107.8992
172,1,MUMBAI INDIANS,PUNE WARRIORS,AWAY,Day/Night,WON,26376.36313,4736.582527,120,160,150.4,590,140.7,139.87
173,1,CHENNAI SUPER KINGS,DECCAN CHARGERS,HOME,Day/Night,WON,19318.30491,3622.4368,160,161,149,5,131.66,137.16
174,1,KOLKATA KNIGHT RIDERS,PUNE WARRIORS,HOME,Day,WON,29189.33511,4152.779465,150,135,135,5,135,135
175,1,RAJASTHAN ROYALS,PUNJAB KINGS,AWAY,Day/Night,WON,25640.08146,3484.481528,177,171.5,155,318,137.16,137.16
176,0,CHENNAI SUPER KINGS,MUMBAI INDIANS,AWAY,Day,LOST,26429.31434,3637.345634,173,157.5,141,3,140,140
177,0,DECCAN CHARGERS,ROYAL CHALLENGERS BANGALORE,AWAY,Day/Night,LOST,26103.23699,3889.367027,181,160,137,917,118.872,107.8992
178,0,DELHI CAPITALS,KOLKATA KNIGHT RIDERS,HOME,Day/Night,WON,24807.25548,2870.751104,153,168,147,208,136,130
179,0,PUNE WARRIORS,RAJASTHAN ROYALS,HOME,Day,WON,28065.39045,2834.928661,125,155,148,590,140.7,139.87
180,1,PUNJAB KINGS,DECCAN CHARGERS,AWAY,Day/Night,LOST,21478.398,3190.430082,170,167,151,495,135,135
181,0,MUMBAI INDIANS,ROYAL CHALLENGERS BANGALORE,HOME,Day/Night,LOST,28159.42404,4795.888475,141,159,146,3,140,140
182,0,DECCAN CHARGERS,DELHI CAPITALS,HOME,Day,WON,25498.91948,3511.007564,187,169,149,495,135,135
183,0,RAJASTHAN ROYALS,CHENNAI SUPER KINGS,HOME,Day/Night,LOST,27791.14867,3831.614653,126,154.5,144,429,145.06,142.33
184,1,ROYAL CHALLENGERS BANGALORE,PUNE WARRIORS,AWAY,Day/Night,LOST,25349.77541,3107.154823,173,150.5,146,590,140.7,139.87
185,1,MUMBAI INDIANS,KOLKATA KNIGHT RIDERS,AWAY,Day,WON,23646.31179,4117.183636,182,136,135.5,5,135,135
186,0,DELHI CAPITALS,CHENNAI SUPER KINGS,AWAY,Day/Night,LOST,28543.67871,3442.611598,114,160.5,149,5,131.66,137.16
187,1,RAJASTHAN ROYALS,PUNE WARRIORS,HOME,Day,WON,24400.60978,3837.451229,170,153,144,429,145.06,142.33
188,0,DECCAN CHARGERS,PUNJAB KINGS,AWAY,Day/Night,WON,22320.37036,2948.607797,190,175,152,318,137.16,137.16
189,0,ROYAL CHALLENGERS BANGALORE,MUMBAI INDIANS,HOME,Day,LOST,26477.69058,3257.20999,171,162.5,137.5,917,118.872,107.8992
190,0,KOLKATA KNIGHT RIDERS,CHENNAI SUPER KINGS,HOME,Day/Night,LOST,30208.97974,4135.49645,158,137,136,5,135,135
191,0,PUNJAB KINGS,DELHI CAPITALS,AWAY,Day/Night,WON,26092.48711,3285.036584,136,164,149,208,136,130
192,1,KOLKATA KNIGHT RIDERS,MUMBAI INDIANS,AWAY,Day/Night,LOST,27482.01958,4697.126152,140,157.5,144,3,140,140
193,0,CHENNAI SUPER KINGS,PUNJAB KINGS,AWAY,Day,LOST,22675.92456,4215.021084,120,192,141,1162,134.76,137.85
194,1,ROYAL CHALLENGERS BANGALORE,DELHI CAPITALS,AWAY,Day/Night,LOST,23559.74446,3138.189491,215,160,147,208,136,130
195,0,RAJASTHAN ROYALS,DECCAN CHARGERS,AWAY,Day/Night,WON,26196.72227,3971.903815,126,169.5,151,495,135,135
196,0,PUNJAB KINGS,DELHI CAPITALS,HOME,Day,LOST,22272.24874,3968.901201,141,183,132,1162,134.76,137.85
197,1,KOLKATA KNIGHT RIDERS,PUNE WARRIORS,AWAY,Day/Night,WON,18186.59987,4919.761839,136,155,144,590,140.7,139.87
198,1,DECCAN CHARGERS,ROYAL CHALLENGERS BANGALORE,HOME,Day,LOST,31906.45647,3387.608303,132,169,149,495,135,135
199,0,RAJASTHAN ROYALS,MUMBAI INDIANS,HOME,Day/Night,WON,26735.69757,4329.100887,162,154.5,143.5,429,145.06,142.33
200,1,KOLKATA KNIGHT RIDERS,DELHI CAPITALS,NEUTRAL,Day/Night,WON,26875.8975,5384.091481,162,150.5,141,590,140.7,139.87
201,1,CHENNAI SUPER KINGS,MUMBAI INDIANS,NEUTRAL,Day/Night,LOST,28525.57014,4006.75582,187,165,138,917,118.872,107.8992
202,1,CHENNAI SUPER KINGS,DELHI CAPITALS,HOME,Day/Night,LOST,25644.35005,3886.86682,222,160,149,5,131.66,137.16
203,0,CHENNAI SUPER KINGS,KOLKATA KNIGHT RIDERS,HOME,Day/Night,WON,24976.66944,4020.49055,190,160.5,148.5,5,131.66,137.16
204,0,DELHI CAPITALS,KOLKATA KNIGHT RIDERS,AWAY,Day/Night,LOST,23383.6758,3063.488612,128,142,136.5,5,135,135
205,1,ROYAL CHALLENGERS BANGALORE,MUMBAI INDIANS,HOME,Day/Night,LOST,22996.79101,3090.058495,156,168,140.5,917,118.872,107.8992
206,1,SUNRISERS HYDERABAD,PUNE WARRIORS,HOME,Day/Night,LOST,22272.87055,3179.414325,126,167,148.5,495,135,135
207,1,RAJASTHAN ROYALS,DELHI CAPITALS,AWAY,Day,WON,19713.72791,4041.3615,165,164,149,208,136,130
208,1,MUMBAI INDIANS,CHENNAI SUPER KINGS,AWAY,Day/Night,WON,31666.47076,3671.723083,148,161,149,5,131.66,137.16
209,1,PUNE WARRIORS,PUNJAB KINGS,HOME,Day,WON,24711.39441,3772.472967,99,155,144,590,140.7,139.87
210,1,ROYAL CHALLENGERS BANGALORE,SUNRISERS HYDERABAD,AWAY,Day/Night,WON,17220.57767,2864.67206,130,165,148,495,135,135
211,1,RAJASTHAN ROYALS,KOLKATA KNIGHT RIDERS,HOME,Day/Night,LOST,24709.75768,4354.243993,144,156,144,429,145.06,142.33
212,0,SUNRISERS HYDERABAD,ROYAL CHALLENGERS BANGALORE,AWAY,Day,WON,24609.67056,4117.167714,161,165,143,917,118.872,107.8992
213,1,MUMBAI INDIANS,DELHI CAPITALS,HOME,Day/Night,WON,17422.22646,4130.191996,209,156,142,3,140,140
214,0,PUNJAB KINGS,CHENNAI SUPER KINGS,HOME,Day/Night,LOST,30326.28257,3684.972317,138,176,155,318,137.16,137.16
215,0,KOLKATA KNIGHT RIDERS,ROYAL CHALLENGERS BANGALORE,AWAY,Day,LOST,27084.90647,4328.745904,154,163,146,917,118.872,107.8992
216,0,RAJASTHAN ROYALS,PUNE WARRIORS,AWAY,Day/Night,WON,20750.79273,4269.836013,145,150.5,141,590,140.7,139.87
217,0,DELHI CAPITALS,SUNRISERS HYDERABAD,HOME,Day/Night,WON,18854.51288,3325.518585,114,165,151,208,136,130
218,1,MUMBAI INDIANS,PUNE WARRIORS,HOME,Day,WON,21067.47995,4065.326946,183,157.5,144,3,140,140
219,0,ROYAL CHALLENGERS BANGALORE,CHENNAI SUPER KINGS,AWAY,Day/Night,LOST,32919.8863,3505.100032,165,160.5,148.5,5,131.66,137.16
220,1,KOLKATA KNIGHT RIDERS,SUNRISERS HYDERABAD,HOME,Day,WON,18518.43178,4279.196847,180,137,136,5,135,135
221,0,PUNJAB KINGS,RAJASTHAN ROYALS,AWAY,Day/Night,LOST,25590.65009,3386.172466,124,154.5,143.5,429,145.06,142.33
222,1,PUNE WARRIORS,CHENNAI SUPER KINGS,AWAY,Day/Night,WON,30356.38295,2634.462935,159,161,149,5,131.66,137.16
223,1,PUNJAB KINGS,KOLKATA KNIGHT RIDERS,HOME,Day,LOST,23884.19901,3013.146217,157,175,152,318,137.16,137.16
224,1,DELHI CAPITALS,ROYAL CHALLENGERS BANGALORE,AWAY,Day/Night,LOST,26430.54531,3160.984066,152,161,149,917,118.872,107.8992
225,1,SUNRISERS HYDERABAD,PUNE WARRIORS,AWAY,Day,LOST,24623.26517,4057.924634,119,146,144,590,140.7,139.87
226,0,RAJASTHAN ROYALS,MUMBAI INDIANS,HOME,Day/Night,WON,23992.27233,5007.554012,179,153,143,429,145.06,142.33
227,0,CHENNAI SUPER KINGS,DELHI CAPITALS,AWAY,Day/Night,WON,23891.41747,3798.239305,169,162.5,149,208,136,130
228,0,PUNJAB KINGS,SUNRISERS HYDERABAD,AWAY,Day/Night,WON,18604.54797,3676.816574,123,165,146.5,495,135,135
229,0,KOLKATA KNIGHT RIDERS,CHENNAI SUPER KINGS,HOME,Day,WON,31538.1952,4421.99699,119,142,135.5,5,135,135
230,0,RAJASTHAN ROYALS,ROYAL CHALLENGERS BANGALORE,AWAY,Day/Night,LOST,25578.96417,5365.439631,117,160.5,150.5,917,118.872,107.8992
231,0,MUMBAI INDIANS,DELHI CAPITALS,AWAY,Day,WON,24089.20284,3949.924022,161,165,147,208,136,130
232,0,PUNE WARRIORS,PUNJAB KINGS,AWAY,Day/Night,LOST,23318.07514,3717.028418,185,171.5,152.5,318,137.16,137.16
233,0,RAJASTHAN ROYALS,CHENNAI SUPER KINGS,AWAY,Day/Night,WON,31337.34849,5648.394635,185,160.5,148.5,5,131.66,137.16
234,1,ROYAL CHALLENGERS BANGALORE,PUNE WARRIORS,HOME,Day,LOST,25309.40265,3488.889845,263,160,149,917,118.872,107.8992
235,0,DELHI CAPITALS,PUNJAB KINGS,HOME,Day/Night,LOST,25443.24155,3298.60015,120,163,149,208,136,130
236,0,KOLKATA KNIGHT RIDERS,MUMBAI INDIANS,HOME,Day/Night,WON,27337.00848,4698.184335,159,137,135,5,135,135
237,0,SUNRISERS HYDERABAD,CHENNAI SUPER KINGS,AWAY,Day/Night,WON,31043.19224,4726.054474,159,161,149,5,131.66,137.16
238,0,PUNJAB KINGS,KOLKATA KNIGHT RIDERS,AWAY,Day/Night,WON,20076.79289,2860.000026,149,142,135.5,5,135,135
239,0,SUNRISERS HYDERABAD,RAJASTHAN ROYALS,AWAY,Day,WON,26095.01039,4861.729294,144,154.5,142.5,429,145.06,142.33
240,1,MUMBAI INDIANS,ROYAL CHALLENGERS BANGALORE,HOME,Day/Night,WON,30432.23885,4636.85,194,159,142,3,140,140
241,1,CHENNAI SUPER KINGS,KOLKATA KNIGHT RIDERS,HOME,Day,LOST,23905.49154,4304.835665,200,160.5,149,5,131.66,137.16
242,1,DELHI CAPITALS,PUNE WARRIORS,HOME,Day/Night,LOST,24450.3269,2948.504166,164,158,144,298,140.77,160.1
243,0,ROYAL CHALLENGERS BANGALORE,RAJASTHAN ROYALS,AWAY,Day,LOST,28572.73011,4265.262565,171,153,143,429,145.06,142.33
244,1,MUMBAI INDIANS,PUNJAB KINGS,HOME,Day/Night,WON,29265.8343,4572.411946,174,161,142,3,140,140
245,1,CHENNAI SUPER KINGS,PUNE WARRIORS,AWAY,Day/Night,WON,24639.98653,4055.774004,164,145.5,141,590,140.7,139.87
246,0,MUMBAI INDIANS,SUNRISERS HYDERABAD,AWAY,Day,WON,21840.4313,4675.410993,129,165,145,495,135,135
247,0,KOLKATA KNIGHT RIDERS,DELHI CAPITALS,AWAY,Day/Night,WON,23459.89781,3782.047792,136,159.2,145,298,140.77,160.1
248,1,CHENNAI SUPER KINGS,PUNJAB KINGS,HOME,Day,WON,29681.0921,4101.437163,186,161,149,5,131.66,137.16
249,1,ROYAL CHALLENGERS BANGALORE,PUNE WARRIORS,AWAY,Day/Night,WON,22113.88816,3418.05035,187,146,138,590,140.7,139.87
250,0,RAJASTHAN ROYALS,KOLKATA KNIGHT RIDERS,AWAY,Day/Night,WON,22457.55012,4069.13886,132,147,136,5,135,135
251,0,DELHI CAPITALS,SUNRISERS HYDERABAD,AWAY,Day/Night,WON,24432.42846,3129.052353,80,164.5,144,495,135,135
252,0,MUMBAI INDIANS,CHENNAI SUPER KINGS,HOME,Day,WON,31624.79178,4259.441563,139,163,142,3,140,140
253,0,PUNE WARRIORS,RAJASTHAN ROYALS,AWAY,Day/Night,WON,31444.03071,3388.05651,178,154.5,143.5,429,145.06,142.33
254,0,ROYAL CHALLENGERS BANGALORE,PUNJAB KINGS,AWAY,Day/Night,LOST,32015.06569,3910.377161,190,175,153,318,137.16,137.16
255,0,DELHI CAPITALS,RAJASTHAN ROYALS,AWAY,Day,WON,30849.06591,2716.337503,154,156,144,429,145.06,142.33
256,1,MUMBAI INDIANS,KOLKATA KNIGHT RIDERS,HOME,Day/Night,WON,22963.87411,4539.228276,170,161,142,3,140,140
257,1,CHENNAI SUPER KINGS,SUNRISERS HYDERABAD,AWAY,Day/Night,LOST,23571.02561,3770.195468,223,164,143,495,135,135
258,0,PUNJAB KINGS,RAJASTHAN ROYALS,HOME,Day,LOST,27392.30537,2567.106395,145,176,155.5,318,137.16,137.16
259,1,KOLKATA KNIGHT RIDERS,PUNE WARRIORS,AWAY,Day/Night,WON,20994.06269,3399.705956,152,150.5,141,590,140.7,139.87
260,1,ROYAL CHALLENGERS BANGALORE,DELHI CAPITALS,AWAY,Day/Night,LOST,25751.95659,3794.243358,183,161,147,208,136,130
261,0,PUNE WARRIORS,MUMBAI INDIANS,HOME,Day,WON,26727.32729,3439.011537,112,152,138,590,140.7,139.87
262,1,SUNRISERS HYDERABAD,PUNJAB KINGS,AWAY,Day/Night,LOST,30223.81731,3560.627236,150,175,153,318,137.16,137.16
263,0,ROYAL CHALLENGERS BANGALORE,KOLKATA KNIGHT RIDERS,AWAY,Day,LOST,24283.69432,3447.264957,115,158,144,675,145.06,146.25
264,0,CHENNAI SUPER KINGS,RAJASTHAN ROYALS,AWAY,Day/Night,LOST,32259.92715,3751.173577,141,155,144,429,145.06,142.33
265,0,SUNRISERS HYDERABAD,MUMBAI INDIANS,AWAY,Day/Night,WON,26599.69427,4003.046374,178,163,142,3,140,140
266,0,ROYAL CHALLENGERS BANGALORE,PUNJAB KINGS,HOME,Day,LOST,28879.68558,3245.5846,174,160.5,146,917,118.872,107.8992
267,1,CHENNAI SUPER KINGS,DELHI CAPITALS,HOME,Day/Night,WON,25455.8164,3776.605429,168,162.5,149.5,5,131.66,137.16
268,1,PUNE WARRIORS,KOLKATA KNIGHT RIDERS,AWAY,Day,LOST,23455.89227,3309.907351,170,149.4,138.4,675,145.06,146.25
269,1,MUMBAI INDIANS,RAJASTHAN ROYALS,HOME,Day/Night,LOST,32261.78784,5058.006466,166,163.5,142,3,140,140
270,1,PUNJAB KINGS,DELHI CAPITALS,HOME,Day/Night,LOST,24241.11036,3079.365904,171,174,141,1162,134.76,137.85
271,1,SUNRISERS HYDERABAD,RAJASTHAN ROYALS,HOME,Day/Night,WON,31310.99517,3936.227764,136,164.5,144,495,135,135
272,1,PUNJAB KINGS,MUMBAI INDIANS,HOME,Day,LOST,24081.85288,3255.002914,183,172.5,143,1162,134.76,137.85
273,0,ROYAL CHALLENGERS BANGALORE,CHENNAI SUPER KINGS,HOME,Day/Night,LOST,29369.09788,3942.24329,106,161,149,917,118.872,107.8992
274,1,PUNE WARRIORS,DELHI CAPITALS,HOME,Day,WON,24998.51014,3516.365576,172,149,132.5,590,140.7,139.87
275,0,KOLKATA KNIGHT RIDERS,SUNRISERS HYDERABAD,AWAY,Day/Night,WON,23259.151,3394.669007,130,164,143,495,135,135
276,1,CHENNAI SUPER KINGS,MUMBAI INDIANS,NEUTRAL,Day/Night,WON,23012.56085,4179.132917,192,163,149,208,136,130
277,0,SUNRISERS HYDERABAD,RAJASTHAN ROYALS,NEUTRAL,Day/Night,WON,30938.41823,3976.227587,132,165,147,208,136,130
278,0,RAJASTHAN ROYALS,MUMBAI INDIANS,NEUTRAL,Day/Night,WON,23022.39711,4089.059788,165,142,135.5,5,135,135
279,1,MUMBAI INDIANS,CHENNAI SUPER KINGS,NEUTRAL,Day/Night,WON,32957.13793,3883.684099,148,147,136,5,135,135
280,1,KOLKATA KNIGHT RIDERS,MUMBAI INDIANS,NEUTRAL,Day/Night,WON,26317.49255,4571.071592,163,158.5,144,3,124.51,123.75
281,0,DELHI CAPITALS,ROYAL CHALLENGERS BANGALORE,NEUTRAL,Day/Night,LOST,23872.57075,2739.864675,145,159,144,6,122.93,119.9
282,0,CHENNAI SUPER KINGS,PUNJAB KINGS,NEUTRAL,Day,WON,21183.94369,4298.810659,205,159.4,139.6,3,124.51,123.75
283,0,SUNRISERS HYDERABAD,RAJASTHAN ROYALS,NEUTRAL,Day/Night,LOST,24400.4125,4220.664813,133,169,152,3,124.51,123.75
284,0,MUMBAI INDIANS,ROYAL CHALLENGERS BANGALORE,NEUTRAL,Day,LOST,23796.91375,4581.861864,115,158.5,144,27,118.872,118.872
285,0,KOLKATA KNIGHT RIDERS,DELHI CAPITALS,NEUTRAL,Day/Night,WON,22824.22439,4757.012378,166,149.4,138.4,27,118.872,118.872
286,0,RAJASTHAN ROYALS,PUNJAB KINGS,NEUTRAL,Day/Night,LOST,27257.91472,4199.336161,191,155.8,144.4,6,122.93,119.9
287,0,CHENNAI SUPER KINGS,DELHI CAPITALS,NEUTRAL,Day/Night,WON,23570.46115,3680.227723,177,161.4,138.6,3,124.51,123.75
288,1,PUNJAB KINGS,SUNRISERS HYDERABAD,NEUTRAL,Day/Night,LOST,21925.51944,3216.83641,193,162.6,154.2,6,122.93,119.9
289,1,CHENNAI SUPER KINGS,RAJASTHAN ROYALS,NEUTRAL,Day/Night,LOST,24914.00511,3975.331037,140,151.6,143,27,118.872,118.872
290,1,KOLKATA KNIGHT RIDERS,ROYAL CHALLENGERS BANGALORE,NEUTRAL,Day/Night,LOST,19951.24774,3622.702827,150,178.2,145.2,6,122.93,119.9
291,1,SUNRISERS HYDERABAD,DELHI CAPITALS,NEUTRAL,Day,WON,23031.94347,3608.555259,184,147.6,137.4,27,118.872,118.872
292,0,MUMBAI INDIANS,CHENNAI SUPER KINGS,NEUTRAL,Day/Night,WON,26648.68378,3850.932703,141,154.2,148.8,27,118.872,118.872
293,0,ROYAL CHALLENGERS BANGALORE,RAJASTHAN ROYALS,NEUTRAL,Day,LOST,24865.51607,3895.424095,70,167.8,131.6,3,124.51,123.75
294,1,PUNJAB KINGS,KOLKATA KNIGHT RIDERS,NEUTRAL,Day/Night,LOST,29333.4325,3636.239217,132,163,122,3,124.51,123.75
295,0,MUMBAI INDIANS,DELHI CAPITALS,NEUTRAL,Day,WON,24253.55083,3779.080607,125,168,146.4,6,122.93,119.9
296,0,SUNRISERS HYDERABAD,CHENNAI SUPER KINGS,NEUTRAL,Day/Night,WON,26247.39037,3895.453481,145,150,146,6,122.93,119.9
297,0,ROYAL CHALLENGERS BANGALORE,PUNJAB KINGS,NEUTRAL,Day/Night,LOST,30349.69497,4068.5349,124,141,142,27,118.872,118.872
298,1,RAJASTHAN ROYALS,KOLKATA KNIGHT RIDERS,NEUTRAL,Day/Night,WON,25956.13274,4447.530797,152,148,115.5,3,124.51,123.75
299,1,SUNRISERS HYDERABAD,MUMBAI INDIANS,NEUTRAL,Day/Night,LOST,23547.17037,3729.237992,172,140.5,137.5,27,118.872,118.872
300,1,CHENNAI SUPER KINGS,KOLKATA KNIGHT RIDERS,HOME,Day/Night,WON,28724.56315,4173.375052,148,151.8,142.2,675,145.06,146.25
301,0,PUNJAB KINGS,MUMBAI INDIANS,AWAY,Day,WON,22428.09494,4502.378347,168,164,142,3,140,140
302,0,DELHI CAPITALS,RAJASTHAN ROYALS,HOME,Day/Night,LOST,24730.25454,2884.344455,152,163,145.5,208,136,130
303,0,SUNRISERS HYDERABAD,ROYAL CHALLENGERS BANGALORE,AWAY,Day/Night,LOST,25505.70057,3609.972785,155,160.5,146,917,118.872,107.8992
304,1,RAJASTHAN ROYALS,KOLKATA KNIGHT RIDERS,HOME,Day,LOST,25882.18497,3713.47492,170,158,146,54,164.592,137.16
305,0,DELHI CAPITALS,CHENNAI SUPER KINGS,HOME,Day/Night,LOST,26250.82453,2624.675114,178,161,147,208,136,130
306,1,MUMBAI INDIANS,ROYAL CHALLENGERS BANGALORE,HOME,Day/Night,LOST,25206.04584,3582.013458,187,164.5,144,3,140,140
307,0,DELHI CAPITALS,KOLKATA KNIGHT RIDERS,HOME,Day,WON,26951.97206,2348.552738,160,163,149,208,136,130
308,1,PUNJAB KINGS,CHENNAI SUPER KINGS,HOME,Day/Night,LOST,27232.77928,4016.315507,231,168,158.8,26,148.23,144.72
309,1,SUNRISERS HYDERABAD,RAJASTHAN ROYALS,AWAY,Day/Night,LOST,26183.45427,3760.770075,134,168,151,54,164.592,137.16
310,1,PUNJAB KINGS,ROYAL CHALLENGERS BANGALORE,AWAY,Day/Night,LOST,25760.17206,3991.643965,198,160,149,917,118.872,107.8992
311,0,MUMBAI INDIANS,CHENNAI SUPER KINGS,HOME,Day/Night,LOST,28623.07094,3628.758226,157,165,146,3,140,140
312,0,PUNJAB KINGS,KOLKATA KNIGHT RIDERS,HOME,Day,LOST,25088.76168,4162.172213,149,171,164,26,148.23,144.72
313,0,ROYAL CHALLENGERS BANGALORE,RAJASTHAN ROYALS,HOME,Day/Night,WON,24904.57669,3911.522476,190,160.5,150.5,917,118.872,107.8992
314,0,SUNRISERS HYDERABAD,MUMBAI INDIANS,HOME,Day/Night,WON,24270.31228,4089.554377,157,155.5,142.5,495,135,135
315,0,RAJASTHAN ROYALS,CHENNAI SUPER KINGS,AWAY,Day,WON,28538.96741,4252.12911,148,152,127.2,675,145.06,146.25
316,1,ROYAL CHALLENGERS BANGALORE,DELHI CAPITALS,HOME,Day/Night,LOST,26453.09584,3140.823968,186,161,152,917,118.872,107.8992
317,0,SUNRISERS HYDERABAD,PUNJAB KINGS,HOME,Day,LOST,32420.38379,4058.351622,205,157,143,495,135,135
318,0,MUMBAI INDIANS,KOLKATA KNIGHT RIDERS,AWAY,Day/Night,LOST,26762.94189,3368.017358,141,170.5,162.5,26,148.23,144.72
319,1,RAJASTHAN ROYALS,DELHI CAPITALS,HOME,Day/Night,LOST,25826.69126,4141.433952,201,158,146.5,54,164.592,137.16
320,0,CHENNAI SUPER KINGS,ROYAL CHALLENGERS BANGALORE,HOME,Day,WON,27150.93488,3496.30748,138,150,134.8,675,145.06,146.25
321,0,SUNRISERS HYDERABAD,KOLKATA KNIGHT RIDERS,HOME,Day/Night,WON,25277.24191,3752.056229,142,160.5,144,495,135,135
322,1,MUMBAI INDIANS,RAJASTHAN ROYALS,AWAY,Day,WON,28091.02425,3399.528252,178,168,142,54,164.592,137.16
323,0,DELHI CAPITALS,PUNJAB KINGS,HOME,Day/Night,LOST,34227.65878,2374.611769,164,160.5,149,208,136,130
324,0,ROYAL CHALLENGERS BANGALORE,SUNRISERS HYDERABAD,AWAY,Day,WON,26067.12447,3633.02488,160,157,145,495,135,135
325,0,CHENNAI SUPER KINGS,KOLKATA KNIGHT RIDERS,AWAY,Day/Night,LOST,26046.63321,3525.029537,154,147.5,135.5,5,135,135
326,0,PUNJAB KINGS,MUMBAI INDIANS,HOME,Day/Night,LOST,25995.15815,3398.079973,156,171.5,152.5,318,137.16,137.16
327,1,KOLKATA KNIGHT RIDERS,ROYAL CHALLENGERS BANGALORE,HOME,Day,LOST,25582.26055,3903.08366,195,148,136,5,135,135
328,0,CHENNAI SUPER KINGS,SUNRISERS HYDERABAD,HOME,Day/Night,LOST,26654.49477,3509.986456,185,148,142,675,145.06,146.25
329,1,MUMBAI INDIANS,DELHI CAPITALS,HOME,Day,LOST,22903.05832,3637.221694,173,164.5,147,3,140,140
330,1,PUNJAB KINGS,RAJASTHAN ROYALS,HOME,Day/Night,LOST,27959.91449,2994.864884,179,168,153,318,137.16,137.16
331,0,ROYAL CHALLENGERS BANGALORE,CHENNAI SUPER KINGS,HOME,Day,LOST,29678.03277,2786.301539,154,163,152.5,917,118.872,107.8992
332,0,SUNRISERS HYDERABAD,KOLKATA KNIGHT RIDERS,AWAY,Day/Night,LOST,29193.03876,2919.339103,160,148.5,136.5,5,135,135
333,0,DELHI CAPITALS,PUNJAB KINGS,AWAY,Day,LOST,34909.11526,2966.069994,115,171.5,155.5,318,137.16,137.16
334,0,RAJASTHAN ROYALS,MUMBAI INDIANS,AWAY,Day/Night,LOST,31695.33536,4124.332217,189,165,148,3,140,140
335,1,KOLKATA KNIGHT RIDERS,PUNJAB KINGS,HOME,Day,LOST,33856.79547,4007.108948,163,149,137,5,135,135
336,0,MUMBAI INDIANS,CHENNAI SUPER KINGS,NEUTRAL,Day/Night,LOST,32017.37635,3006.231759,173,178,156,2,143.07,136.88
337,1,PUNJAB KINGS,CHENNAI SUPER KINGS,NEUTRAL,Day/Night,LOST,31834.91381,4322.331003,226,165.5,150,3,140,140
338,0,PUNJAB KINGS,KOLKATA KNIGHT RIDERS,NEUTRAL,Day/Night,LOST,28242.2487,3873.871368,199,161,153,917,118.872,107.8992
339,0,MUMBAI INDIANS,KOLKATA KNIGHT RIDERS,AWAY,Day/Night,LOST,25953.83847,3840.276995,168,149,136.5,5,135,135
340,1,CHENNAI SUPER KINGS,DELHI CAPITALS,HOME,Day/Night,LOST,22477.46938,4084.026246,150,164,149,5,131.66,137.16
341,1,RAJASTHAN ROYALS,PUNJAB KINGS,AWAY,Day/Night,LOST,29171.71929,3108.357266,162,152,134,590,140.7,139.87
342,1,CHENNAI SUPER KINGS,SUNRISERS HYDERABAD,HOME,Day,WON,23159.15741,4135.892511,209,162.5,149,5,131.66,137.16
343,0,KOLKATA KNIGHT RIDERS,ROYAL CHALLENGERS BANGALORE,HOME,Day/Night,LOST,26881.53378,3643.405395,177,149,137,5,135,135
344,0,DELHI CAPITALS,RAJASTHAN ROYALS,HOME,Day,LOST,26555.41377,4097.757301,184,161,151,208,136,130
345,1,PUNJAB KINGS,MUMBAI INDIANS,AWAY,Day/Night,LOST,25656.40962,3730.937316,177,166,152,3,140,140
346,0,ROYAL CHALLENGERS BANGALORE,SUNRISERS HYDERABAD,HOME,Day/Night,LOST,24441.34909,2854.465021,166,163,153.5,917,118.872,107.8992
347,0,MUMBAI INDIANS,RAJASTHAN ROYALS,AWAY,Day/Night,WON,28584.10087,3874.118115,164,169,146.5,54,164.592,137.16
348,0,PUNJAB KINGS,DELHI CAPITALS,HOME,Day/Night,WON,24505.26535,3809.818536,165,153.5,135,590,140.7,139.87
349,0,SUNRISERS HYDERABAD,RAJASTHAN ROYALS,HOME,Day/Night,LOST,28759.08209,3504.705185,127,161.9,139.8,50,135.68,133.98
350,0,MUMBAI INDIANS,CHENNAI SUPER KINGS,HOME,Day/Night,WON,29881.20914,3591.804248,183,167,154,3,140,140
351,1,DELHI CAPITALS,SUNRISERS HYDERABAD,AWAY,Day,WON,23581.71488,3933.713745,167,146.6,137,50,135.68,133.98
352,0,PUNJAB KINGS,KOLKATA KNIGHT RIDERS,HOME,Day/Night,LOST,27685.5335,3722.314213,155,155,136,590,140.7,139.87
353,0,CHENNAI SUPER KINGS,RAJASTHAN ROYALS,AWAY,Day,WON,32487.31558,4063.884625,156,168,151,54,164.592,137.16
354,1,MUMBAI INDIANS,ROYAL CHALLENGERS BANGALORE,AWAY,Day/Night,LOST,29708.23867,3327.704115,209,165,154,917,118.872,107.8992
355,0,DELHI CAPITALS,KOLKATA KNIGHT RIDERS,HOME,Day/Night,LOST,28481.48886,3902.610187,146,162.5,151.5,208,136,130
356,1,RAJASTHAN ROYALS,PUNJAB KINGS,HOME,Day/Night,LOST,29369.9296,3019.449096,191,166,152,54,164.592,137.16
357,1,CHENNAI SUPER KINGS,ROYAL CHALLENGERS BANGALORE,AWAY,Day/Night,LOST,25584.61132,3834.52965,181,165.5,154.5,917,118.872,107.8992
358,1,DELHI CAPITALS,MUMBAI INDIANS,HOME,Day/Night,LOST,27582.78745,4407.655378,190,161,151,208,136,130
359,0,RAJASTHAN ROYALS,ROYAL CHALLENGERS BANGALORE,HOME,Day/Night,LOST,32544.21531,3387.025283,130,168,153,54,164.592,137.16
360,1,MUMBAI INDIANS,SUNRISERS HYDERABAD,HOME,Day,WON,21348.99616,3582.2282,157,168,156,3,140,140
361,0,CHENNAI SUPER KINGS,PUNJAB KINGS,HOME,Day/Night,WON,29256.44452,3960.21689,192,164,149,5,131.66,137.16
362,0,DELHI CAPITALS,ROYAL CHALLENGERS BANGALORE,HOME,Day/Night,LOST,33801.18658,4506.160455,95,162.5,151.5,208,136,130
363,1,SUNRISERS HYDERABAD,PUNJAB KINGS,AWAY,Day/Night,LOST,29349.30257,4084.613649,150,168,153,318,137.16,137.16
364,1,CHENNAI SUPER KINGS,KOLKATA KNIGHT RIDERS,HOME,Day/Night,LOST,28263.78926,4083.913516,134,164.5,149,5,131.66,137.16
365,0,CHENNAI SUPER KINGS,KOLKATA KNIGHT RIDERS,AWAY,Day/Night,LOST,25953.45795,3963.858212,165,149.5,137.5,5,135,135
366,0,PUNJAB KINGS,DELHI CAPITALS,AWAY,Day,LOST,24842.60203,3222.751483,118,161,151,208,136,130
367,1,MUMBAI INDIANS,RAJASTHAN ROYALS,HOME,Day/Night,LOST,28326.88542,3813.255354,187,167,154,3,140,140
368,0,KOLKATA KNIGHT RIDERS,ROYAL CHALLENGERS BANGALORE,AWAY,Day,LOST,34904.08002,3190.77737,111,168.5,154,917,118.872,107.8992
369,1,SUNRISERS HYDERABAD,CHENNAI SUPER KINGS,HOME,Day/Night,LOST,29866.1076,3874.35465,192,158.5,145.5,495,135,135
370,1,MUMBAI INDIANS,PUNJAB KINGS,AWAY,Day,WON,25534.32423,3938.581744,172,165.5,152.5,318,137.16,137.16
371,1,RAJASTHAN ROYALS,DELHI CAPITALS,HOME,Day/Night,LOST,25285.18775,3080.039423,189,175.5,160,2,143.07,136.88
372,1,CHENNAI SUPER KINGS,ROYAL CHALLENGERS BANGALORE,HOME,Day,WON,32723.15375,3842.867797,148,164,149,5,131.66,137.16
373,1,KOLKATA KNIGHT RIDERS,SUNRISERS HYDERABAD,HOME,Day/Night,LOST,23200.32264,3239.622262,167,150,138,5,135,135
374,0,DELHI CAPITALS,MUMBAI INDIANS,AWAY,Day/Night,WON,29992.71205,3731.75803,152,168,156,3,140,140
375,0,ROYAL CHALLENGERS BANGALORE,PUNJAB KINGS,HOME,Day/Night,LOST,25325.01529,4203.803814,226,166,154,917,118.872,107.8992
376,1,SUNRISERS HYDERABAD,RAJASTHAN ROYALS,AWAY,Day,LOST,31486.70371,3460.036446,201,178,164,2,143.07,136.88
377,1,KOLKATA KNIGHT RIDERS,DELHI CAPITALS,HOME,Day/Night,WON,28600.80012,4086.308607,171,152,137.5,5,135,135
378,0,CHENNAI SUPER KINGS,MUMBAI INDIANS,HOME,Day/Night,WON,29506.14545,4115.356979,158,162.5,149,5,131.66,137.16
379,0,PUNJAB KINGS,KOLKATA KNIGHT RIDERS,AWAY,Day,WON,25402.39734,2462.449813,183,154,138,5,135,135
380,1,SUNRISERS HYDERABAD,DELHI CAPITALS,AWAY,Day/Night,WON,26144.17228,3565.228297,163,156,144.8,298,140.77,160.1
381,1,ROYAL CHALLENGERS BANGALORE,MUMBAI INDIANS,AWAY,Day,WON,32853.45476,4510.304215,235,167,154.5,3,140,140
382,1,CHENNAI SUPER KINGS,RAJASTHAN ROYALS,HOME,Day/Night,WON,31676.87224,3964.626485,157,161,149,5,131.66,137.16
383,1,SUNRISERS HYDERABAD,PUNJAB KINGS,HOME,Day/Night,WON,25844.38029,3580.581436,185,160,146,495,135,135
384,0,CHENNAI SUPER KINGS,DELHI CAPITALS,AWAY,Day/Night,WON,27921.41407,3986.931124,119,161.8,147.8,298,140.77,160.1
385,0,PUNJAB KINGS,ROYAL CHALLENGERS BANGALORE,HOME,Day/Night,LOST,37139.2199,3092.008975,106,168,152,318,137.16,137.16
386,1,MUMBAI INDIANS,KOLKATA KNIGHT RIDERS,HOME,Day/Night,LOST,27359.73262,3630.840966,171,168,156,3,140,140
387,0,PUNJAB KINGS,CHENNAI SUPER KINGS,HOME,Day,WON,30198.51421,3258.686299,130,165.5,150.5,318,137.16,137.16
388,1,RAJASTHAN ROYALS,KOLKATA KNIGHT RIDERS,HOME,Day/Night,WON,29249.71477,3206.283202,199,179,169.5,2,143.07,136.88
389,0,SUNRISERS HYDERABAD,MUMBAI INDIANS,HOME,Day/Night,WON,36589.20821,3636.624043,113,160,146,495,135,135
390,1,MUMBAI INDIANS,CHENNAI SUPER KINGS,HOME,Day/Night,WON,29771.97478,3982.503885,187,169,157,3,140,140
391,1,ROYAL CHALLENGERS BANGALORE,RAJASTHAN ROYALS,NEUTRAL,Day/Night,WON,33251.37318,3794.509381,180,155,137,590,140.7,139.87
392,0,ROYAL CHALLENGERS BANGALORE,CHENNAI SUPER KINGS,AWAY,Day/Night,LOST,29792.90815,3910.426063,139,148,145.5,675,145.06,146.25
393,1,MUMBAI INDIANS,CHENNAI SUPER KINGS,NEUTRAL,Day/Night,LOST,28822.01584,3972.012766,202,156,140.5,5,135,135
394,0,MUMBAI INDIANS,RISING PUNE SUPERGIANT,HOME,Day/Night,WON,26689.02063,3782.328768,121,170,158,3,140,140
395,0,DELHI CAPITALS,KOLKATA KNIGHT RIDERS,AWAY,Day/Night,LOST,28200.98679,3641.106409,98,158,143,5,135,135
396,0,PUNJAB KINGS,GUJARAT LIONS,HOME,Day/Night,LOST,24425.37493,3323.520671,161,163,149,318,137.16,137.16
397,1,ROYAL CHALLENGERS BANGALORE,SUNRISERS HYDERABAD,HOME,Day/Night,LOST,24875.57657,3412.778261,227,171,153,917,118.872,107.8992
398,0,KOLKATA KNIGHT RIDERS,MUMBAI INDIANS,HOME,Day/Night,LOST,29132.44448,3860.026437,187,156,140.5,5,135,135
399,0,RISING PUNE SUPERGIANT,GUJARAT LIONS,AWAY,Day/Night,WON,24791.03469,3726.394928,163,160,146,111,150.17,149.74
400,0,PUNJAB KINGS,DELHI CAPITALS,AWAY,Day/Night,LOST,23630.02618,2868.488536,111,160.5,149,208,136,130
401,0,SUNRISERS HYDERABAD,KOLKATA KNIGHT RIDERS,HOME,Day,WON,27580.13169,3513.266417,142,158.5,145.5,495,135,135
402,0,MUMBAI INDIANS,GUJARAT LIONS,HOME,Day/Night,LOST,22872.80733,2883.326661,143,169,157,3,140,140
403,0,RISING PUNE SUPERGIANT,PUNJAB KINGS,AWAY,Day,WON,28770.89453,3440.430319,152,163,150.5,318,137.16,137.16
404,0,ROYAL CHALLENGERS BANGALORE,DELHI CAPITALS,HOME,Day/Night,LOST,23305.5639,3990.358282,191,171,153.5,917,118.872,107.8992
405,0,MUMBAI INDIANS,SUNRISERS HYDERABAD,AWAY,Day/Night,LOST,24195.54202,2764.890036,142,157,146,495,135,135
406,0,PUNJAB KINGS,KOLKATA KNIGHT RIDERS,HOME,Day/Night,LOST,27832.65133,2997.019394,138,163,152,318,137.16,137.16
407,0,ROYAL CHALLENGERS BANGALORE,MUMBAI INDIANS,AWAY,Day/Night,LOST,31185.45676,3550.134505,170,168,156,3,140,140
408,0,GUJARAT LIONS,SUNRISERS HYDERABAD,HOME,Day/Night,LOST,23753.44369,3828.311371,135,160.6,149.6,111,150.17,149.74
409,1,ROYAL CHALLENGERS BANGALORE,RISING PUNE SUPERGIANT,AWAY,Day/Night,LOST,26081.55553,3186.769064,185,155,136,590,140.7,139.87
410,1,DELHI CAPITALS,MUMBAI INDIANS,HOME,Day,LOST,31788.6338,3635.248409,164,160,147,208,136,130
411,0,PUNJAB KINGS,SUNRISERS HYDERABAD,AWAY,Day/Night,LOST,23610.45402,2971.245016,143,152,145.5,495,135,135
412,0,ROYAL CHALLENGERS BANGALORE,GUJARAT LIONS,AWAY,Day,WON,25195.26485,3464.10455,180,155.6,147.8,111,150.17,149.74
413,0,RISING PUNE SUPERGIANT,KOLKATA KNIGHT RIDERS,HOME,Day/Night,LOST,27721.64076,3302.150965,160,158.5,137,590,140.7,139.87
414,1,MUMBAI INDIANS,PUNJAB KINGS,AWAY,Day/Night,LOST,27124.09265,3213.166545,189,162,150.5,318,137.16,137.16
415,1,GUJARAT LIONS,DELHI CAPITALS,AWAY,Day/Night,LOST,25677.79612,3690.104617,172,160.5,149,208,136,130
416,0,KOLKATA KNIGHT RIDERS,MUMBAI INDIANS,AWAY,Day/Night,LOST,40867.70964,3601.332327,174,169,157,3,140,140
417,0,RISING PUNE SUPERGIANT,GUJARAT LIONS,HOME,Day/Night,LOST,26082.16842,3495.272993,195,160,138,590,140.7,139.87
418,1,DELHI CAPITALS,KOLKATA KNIGHT RIDERS,HOME,Day,LOST,26193.8392,2645.63921,186,161,151,208,136,130
419,1,SUNRISERS HYDERABAD,ROYAL CHALLENGERS BANGALORE,HOME,Day/Night,LOST,24293.02932,3834.82664,194,145,145.5,495,135,135
420,1,PUNJAB KINGS,GUJARAT LIONS,AWAY,Day,LOST,26483.63154,3367.481471,154,161.8,156.8,111,150.17,149.74
421,0,RISING PUNE SUPERGIANT,MUMBAI INDIANS,HOME,Day/Night,LOST,32786.52641,3557.634615,159,161,141,590,140.7,139.87
422,0,ROYAL CHALLENGERS BANGALORE,KOLKATA KNIGHT RIDERS,HOME,Day/Night,LOST,28378.37162,3485.536341,185,171,154,917,118.872,107.8992
423,0,GUJARAT LIONS,DELHI CAPITALS,HOME,Day/Night,LOST,31825.41081,2993.568524,149,158.8,149.6,111,150.17,149.74
424,1,KOLKATA KNIGHT RIDERS,PUNJAB KINGS,HOME,Day/Night,LOST,25939.33425,3827.991243,164,158,143,5,135,135
425,0,DELHI CAPITALS,RISING PUNE SUPERGIANT,HOME,Day/Night,LOST,23633.17363,3693.317627,162,162.5,151.5,208,136,130
426,0,GUJARAT LIONS,SUNRISERS HYDERABAD,AWAY,Day/Night,LOST,27417.87066,3564.228738,126,147,146,495,135,135
427,0,RISING PUNE SUPERGIANT,ROYAL CHALLENGERS BANGALORE,AWAY,Day,LOST,27215.47114,3545.387502,191,172.5,154,917,118.872,107.8992
428,1,PUNJAB KINGS,DELHI CAPITALS,HOME,Day/Night,LOST,27975.38683,3069.466541,181,163,152,318,137.16,137.16
429,0,SUNRISERS HYDERABAD,MUMBAI INDIANS,AWAY,Day,LOST,33860.40659,3831.636635,177,167,131,50,135.68,133.98
430,0,KOLKATA KNIGHT RIDERS,GUJARAT LIONS,HOME,Day/Night,LOST,24857.27183,3852.061321,158,158.5,143,5,135,135
431,1,ROYAL CHALLENGERS BANGALORE,PUNJAB KINGS,AWAY,Day/Night,LOST,23740.06813,3344.244237,175,163,152.5,318,137.16,137.16
432,1,SUNRISERS HYDERABAD,RISING PUNE SUPERGIANT,AWAY,Day/Night,WON,23893.25418,4099.696803,137,171.5,125,50,135.68,133.98
433,0,ROYAL CHALLENGERS BANGALORE,MUMBAI INDIANS,HOME,Day/Night,LOST,30357.54587,3356.050343,151,174,154,917,118.872,107.8992
434,0,SUNRISERS HYDERABAD,DELHI CAPITALS,HOME,Day/Night,LOST,29330.04071,4014.184831,146,145,145.5,495,135,135
435,0,MUMBAI INDIANS,PUNJAB KINGS,HOME,Day/Night,WON,26975.13345,2916.792038,124,167,131,50,135.68,133.98
436,1,ROYAL CHALLENGERS BANGALORE,GUJARAT LIONS,HOME,Day,LOST,21166.07758,3312.101429,248,172.5,154,917,118.872,107.8992
437,0,PUNJAB KINGS,SUNRISERS HYDERABAD,HOME,Day,WON,24992.91659,3512.003722,179,163,153,318,137.16,137.16
438,1,MUMBAI INDIANS,DELHI CAPITALS,HOME,Day/Night,LOST,31306.25801,2980.834663,206,152.5,129,50,135.68,133.98
439,0,KOLKATA KNIGHT RIDERS,ROYAL CHALLENGERS BANGALORE,HOME,Day/Night,LOST,34437.90857,4120.302456,183,158,143,5,135,135
440,0,KOLKATA KNIGHT RIDERS,GUJARAT LIONS,AWAY,Day/Night,LOST,26422.85532,3412.886149,124,160,147,116,158.15,142.64
441,0,SUNRISERS HYDERABAD,DELHI CAPITALS,AWAY,Day/Night,LOST,25761.74439,3493.460632,158,151.6,143.7,298,140.77,160.1
442,0,PUNJAB KINGS,RISING PUNE SUPERGIANT,AWAY,Day,WON,23740.20244,2969.968077,172,152.5,126.5,50,135.68,133.98
443,0,MUMBAI INDIANS,GUJARAT LIONS,AWAY,Day/Night,LOST,26463.00726,3397.050877,172,152.8,142.6,116,158.15,142.64
444,1,KOLKATA KNIGHT RIDERS,SUNRISERS HYDERABAD,HOME,Day,LOST,25017.33337,2826.101929,171,158,143,5,135,135
445,0,DELHI CAPITALS,ROYAL CHALLENGERS BANGALORE,HOME,Day/Night,LOST,37398.69536,3070.511463,138,158,149,298,140.77,160.1
446,0,GUJARAT LIONS,ROYAL CHALLENGERS BANGALORE,AWAY,Day/Night,LOST,37260.30158,3362.114609,158,176,153.5,917,118.872,107.8992
447,1,SUNRISERS HYDERABAD,KOLKATA KNIGHT RIDERS,NEUTRAL,Day/Night,LOST,23658.69887,3804.357548,162,162,152,208,136,130
448,0,GUJARAT LIONS,SUNRISERS HYDERABAD,NEUTRAL,Day/Night,LOST,24172.38293,3266.066735,162,162,151.5,208,136,130
449,1,SUNRISERS HYDERABAD,ROYAL CHALLENGERS BANGALORE,AWAY,Day/Night,WON,38445.20525,4053.468921,208,174,154,917,118.872,107.8992
450,1,SUNRISERS HYDERABAD,ROYAL CHALLENGERS BANGALORE,HOME,Day/Night,LOST,26447.91422,4347.093204,207,146,146,495,135,135
451,0,MUMBAI INDIANS,RISING PUNE SUPERGIANT,AWAY,Day/Night,LOST,24388.87484,2444.865211,184,160,144,590,140.7,139.87
452,0,GUJARAT LIONS,KOLKATA KNIGHT RIDERS,HOME,Day/Night,LOST,23641.02443,3076.695101,183,154,150,111,150.17,149.74
453,0,RISING PUNE SUPERGIANT,PUNJAB KINGS,AWAY,Day,LOST,25746.80603,3330.254161,163,151.3,144,552,136,112
454,1,ROYAL CHALLENGERS BANGALORE,DELHI CAPITALS,HOME,Day/Night,WON,24209.6221,3976.41691,157,176,154,917,118.872,107.8992
455,0,GUJARAT LIONS,SUNRISERS HYDERABAD,AWAY,Day,LOST,30379.92131,2967.395795,135,146.5,146,495,135,135
456,0,KOLKATA KNIGHT RIDERS,MUMBAI INDIANS,AWAY,Day/Night,LOST,29185.65271,3333.421098,178,170,158,3,140,140
457,0,ROYAL CHALLENGERS BANGALORE,PUNJAB KINGS,AWAY,Day/Night,WON,26904.14482,3907.597926,148,162,157.2,552,136,112
458,1,DELHI CAPITALS,RISING PUNE SUPERGIANT,AWAY,Day/Night,LOST,23679.59632,2848.183887,205,161,144,590,140.7,139.87
459,0,SUNRISERS HYDERABAD,MUMBAI INDIANS,AWAY,Day/Night,LOST,29647.05913,4383.945553,158,170,158,3,140,140
460,0,PUNJAB KINGS,KOLKATA KNIGHT RIDERS,AWAY,Day/Night,LOST,24202.73242,3346.13855,170,158.5,146,5,135,135
461,0,ROYAL CHALLENGERS BANGALORE,MUMBAI INDIANS,HOME,Day,LOST,30842.98312,3296.358584,142,174,154,917,118.872,107.8992
462,0,RISING PUNE SUPERGIANT,GUJARAT LIONS,AWAY,Day/Night,LOST,25060.75588,3238.913874,171,158.5,157,111,150.17,149.74
463,1,KOLKATA KNIGHT RIDERS,SUNRISERS HYDERABAD,HOME,Day,LOST,32113.89744,3909.532934,172,159,149,5,135,135
464,1,DELHI CAPITALS,PUNJAB KINGS,HOME,Day/Night,WON,26533.26269,3150.273066,188,162,152,208,136,130
465,0,GUJARAT LIONS,MUMBAI INDIANS,AWAY,Day,LOST,30851.10093,3734.130309,176,170,158,3,140,140
466,1,RISING PUNE SUPERGIANT,ROYAL CHALLENGERS BANGALORE,AWAY,Day/Night,LOST,27922.25241,3035.929311,161,172.5,153.5,917,118.872,107.8992
467,0,DELHI CAPITALS,KOLKATA KNIGHT RIDERS,HOME,Day,WON,24403.35247,3357.775171,168,162,151.5,208,136,130
468,1,SUNRISERS HYDERABAD,PUNJAB KINGS,HOME,Day/Night,LOST,26078.31573,4214.515903,159,146,146,495,135,135
469,1,ROYAL CHALLENGERS BANGALORE,GUJARAT LIONS,AWAY,Day/Night,LOST,24740.19297,3575.679014,213,163,164,111,150.17,149.74
470,1,SUNRISERS HYDERABAD,DELHI CAPITALS,HOME,Day/Night,WON,26238.43994,3992.463468,191,146.5,146,495,135,135
471,0,PUNJAB KINGS,MUMBAI INDIANS,HOME,Day/Night,LOST,31660.08632,3611.057361,198,156.6,155,552,136,112
472,0,KOLKATA KNIGHT RIDERS,GUJARAT LIONS,HOME,Day/Night,LOST,29358.06226,4236.694848,187,159.5,149.5,5,135,135
473,0,SUNRISERS HYDERABAD,RISING PUNE SUPERGIANT,AWAY,Day,LOST,27946.35463,3871.01126,176,162,144,590,140.7,139.87
474,1,MUMBAI INDIANS,DELHI CAPITALS,HOME,Day/Night,LOST,27313.92712,3396.689793,142,170,158.5,3,140,140
475,1,PUNJAB KINGS,GUJARAT LIONS,AWAY,Day,LOST,26600.95615,3059.476638,188,167,168,111,150.17,149.74
476,0,KOLKATA KNIGHT RIDERS,ROYAL CHALLENGERS BANGALORE,HOME,Day/Night,LOST,30016.62727,4385.47274,131,160,150,5,135,135
477,1,RISING PUNE SUPERGIANT,MUMBAI INDIANS,AWAY,Day/Night,LOST,28750.58382,2890.175678,160,170,158,3,140,140
478,0,RISING PUNE SUPERGIANT,KOLKATA KNIGHT RIDERS,HOME,Day/Night,LOST,25451.15017,2539.049331,182,162,144,590,140.7,139.87
479,0,ROYAL CHALLENGERS BANGALORE,GUJARAT LIONS,HOME,Day/Night,LOST,29132.51997,3252.977317,134,171,153,917,118.872,107.8992
480,0,DELHI CAPITALS,KOLKATA KNIGHT RIDERS,AWAY,Day,LOST,23077.99242,3887.432796,160,159.5,149.5,5,135,135
481,1,SUNRISERS HYDERABAD,PUNJAB KINGS,AWAY,Day/Night,LOST,23554.28774,3762.427842,207,165.5,153,318,137.16,137.16
482,0,RISING PUNE SUPERGIANT,ROYAL CHALLENGERS BANGALORE,HOME,Day,LOST,25064.55313,2715.249931,157,162,144,590,140.7,139.87
483,1,GUJARAT LIONS,MUMBAI INDIANS,HOME,Day/Night,WON,30107.26008,3753.046817,153,171,164,111,150.17,149.74
484,0,DELHI CAPITALS,PUNJAB KINGS,AWAY,Day,LOST,28210.61857,3100.414294,67,168,153,318,137.16,137.16
485,1,SUNRISERS HYDERABAD,KOLKATA KNIGHT RIDERS,HOME,Day/Night,LOST,22910.16967,3851.781426,209,147,146,495,135,135
486,0,ROYAL CHALLENGERS BANGALORE,MUMBAI INDIANS,AWAY,Day,WON,28968.17076,3284.363871,162,169,158,3,140,140
487,0,GUJARAT LIONS,RISING PUNE SUPERGIANT,AWAY,Day/Night,LOST,28635.85325,2847.677231,161,162,144,590,140.7,139.87
488,0,SUNRISERS HYDERABAD,DELHI CAPITALS,AWAY,Day/Night,LOST,24600.19044,3681.32664,185,162,152,208,136,130
489,0,KOLKATA KNIGHT RIDERS,RISING PUNE SUPERGIANT,HOME,Day/Night,LOST,30462.4026,4154.315031,155,160,150,5,135,135
490,0,GUJARAT LIONS,DELHI CAPITALS,AWAY,Day/Night,LOST,21326.09007,2848.583024,208,163,152.5,208,136,130
491,1,PUNJAB KINGS,ROYAL CHALLENGERS BANGALORE,AWAY,Day/Night,LOST,28603.17516,3102.025391,138,171,153,917,118.872,107.8992
492,1,RISING PUNE SUPERGIANT,SUNRISERS HYDERABAD,AWAY,Day,LOST,31322.91309,3474.79887,148,152,146,495,135,135
493,0,MUMBAI INDIANS,DELHI CAPITALS,AWAY,Day/Night,LOST,22560.34308,3756.68197,212,164,153,208,136,130
494,0,ROYAL CHALLENGERS BANGALORE,KOLKATA KNIGHT RIDERS,HOME,Day,LOST,24732.98127,3275.308883,158,171,153,917,118.872,107.8992
495,0,PUNJAB KINGS,GUJARAT LIONS,HOME,Day/Night,LOST,25558.25579,3617.87309,189,165.5,153,318,137.16,137.16
496,0,MUMBAI INDIANS,SUNRISERS HYDERABAD,AWAY,Day/Night,WON,25596.03976,4001.641917,138,148,146,495,135,135
497,1,PUNJAB KINGS,KOLKATA KNIGHT RIDERS,HOME,Day/Night,LOST,28801.55555,3872.56926,167,168,153,318,137.16,137.16
498,0,GUJARAT LIONS,DELHI CAPITALS,HOME,Day/Night,LOST,22643.36367,3082.770202,195,155.8,148.4,116,158.15,142.64
499,1,PUNJAB KINGS,MUMBAI INDIANS,AWAY,Day/Night,LOST,27498.64886,4110.528148,230,168,158,3,140,140
500,1,DELHI CAPITALS,RISING PUNE SUPERGIANT,HOME,Day/Night,WON,28875.79909,2978.851893,168,164,152.5,208,136,130
501,0,GUJARAT LIONS,SUNRISERS HYDERABAD,HOME,Day,LOST,22885.17894,3066.549743,154,167.6,163,116,158.15,142.64
502,1,MUMBAI INDIANS,KOLKATA KNIGHT RIDERS,AWAY,Day/Night,LOST,28335.90817,3320.271475,173,159.5,150,5,135,135
503,0,PUNJAB KINGS,RISING PUNE SUPERGIANT,AWAY,Day,LOST,28220.69926,3765.630274,73,162,144,590,140.7,139.87
504,1,ROYAL CHALLENGERS BANGALORE,DELHI CAPITALS,AWAY,Day/Night,WON,23076.58639,3511.384097,161,164,153,208,136,130
505,1,RISING PUNE SUPERGIANT,MUMBAI INDIANS,AWAY,Day/Night,LOST,31412.99991,4190.939557,162,169,158.5,3,140,140
506,0,KOLKATA KNIGHT RIDERS,MUMBAI INDIANS,NEUTRAL,Day/Night,LOST,30110.85775,3485.798454,107,166,153,917,118.872,107.8992
507,1,MUMBAI INDIANS,RISING PUNE SUPERGIANT,NEUTRAL,Day/Night,WON,23139.38149,3877.619083,129,147.5,146,495,135,135
508,0,MUMBAI INDIANS,CHENNAI SUPER KINGS,HOME,Day/Night,LOST,29131.0124,3378.785589,165,168,158,3,140,140
509,0,DELHI CAPITALS,PUNJAB KINGS,AWAY,Day,LOST,28802.29954,3221.704443,166,167.5,153,318,137.16,137.16
510,0,ROYAL CHALLENGERS BANGALORE,KOLKATA KNIGHT RIDERS,AWAY,Day/Night,LOST,28007.39861,3107.594076,176,160,150,5,135,135
511,0,RAJASTHAN ROYALS,SUNRISERS HYDERABAD,AWAY,Day/Night,LOST,24300.30057,3886.580348,125,147,146,495,135,135
512,0,KOLKATA KNIGHT RIDERS,CHENNAI SUPER KINGS,AWAY,Day/Night,LOST,28385.20043,3971.327988,202,160.5,149,5,131.66,137.16
513,0,MUMBAI INDIANS,SUNRISERS HYDERABAD,AWAY,Day/Night,LOST,24584.32288,3617.897909,147,146.5,145.5,495,135,135
514,0,PUNJAB KINGS,ROYAL CHALLENGERS BANGALORE,AWAY,Day/Night,LOST,24545.91682,4277.630062,155,165.5,152.5,917,118.872,107.8992
515,0,MUMBAI INDIANS,DELHI CAPITALS,HOME,Day,LOST,27884.9975,4354.181199,194,167,158.5,3,140,140
516,0,KOLKATA KNIGHT RIDERS,SUNRISERS HYDERABAD,HOME,Day/Night,LOST,24076.09341,3912.32581,138,160,152,5,135,135
517,1,RAJASTHAN ROYALS,ROYAL CHALLENGERS BANGALORE,AWAY,Day,LOST,24806.656,3320.994241,217,165,153,917,118.872,107.8992
518,1,PUNJAB KINGS,CHENNAI SUPER KINGS,HOME,Day/Night,LOST,29129.84416,3888.053685,197,167,153,318,137.16,137.16
519,1,KOLKATA KNIGHT RIDERS,DELHI CAPITALS,HOME,Day/Night,LOST,36923.8426,3701.948403,200,160,150,5,135,135
520,1,MUMBAI INDIANS,ROYAL CHALLENGERS BANGALORE,HOME,Day/Night,LOST,30506.55824,3969.103464,213,168,159,3,140,140
521,0,RAJASTHAN ROYALS,KOLKATA KNIGHT RIDERS,HOME,Day/Night,LOST,28562.22349,3540.893003,160,153.5,144,429,145.06,142.33
522,1,PUNJAB KINGS,SUNRISERS HYDERABAD,HOME,Day/Night,WON,23361.51422,3624.399399,193,167.5,155.5,318,137.16,137.16
523,1,CHENNAI SUPER KINGS,RAJASTHAN ROYALS,HOME,Day/Night,LOST,26022.69419,3815.258746,204,161.5,144,590,140.7,139.87
524,0,DELHI CAPITALS,ROYAL CHALLENGERS BANGALORE,AWAY,Day/Night,LOST,29020.46505,3109.661136,174,165.5,153,917,118.872,107.8992
525,1,CHENNAI SUPER KINGS,SUNRISERS HYDERABAD,AWAY,Day,LOST,22773.7971,3381.169927,182,147,146,495,135,135
526,0,MUMBAI INDIANS,RAJASTHAN ROYALS,AWAY,Day/Night,WON,24430.7565,4070.799992,167,154,144,429,145.06,142.33
527,1,PUNJAB KINGS,DELHI CAPITALS,AWAY,Day/Night,LOST,24211.5516,3044.191563,143,164,152.5,208,136,130
528,0,SUNRISERS HYDERABAD,MUMBAI INDIANS,AWAY,Day/Night,LOST,28141.93505,3852.033797,118,169,159,3,140,140
529,0,ROYAL CHALLENGERS BANGALORE,CHENNAI SUPER KINGS,HOME,Day/Night,LOST,32424.83822,3552.16397,205,166,153,917,118.872,107.8992
530,1,SUNRISERS HYDERABAD,PUNJAB KINGS,HOME,Day/Night,LOST,26791.67007,4030.74796,132,147,146,495,135,135
531,1,DELHI CAPITALS,KOLKATA KNIGHT RIDERS,HOME,Day/Night,LOST,27894.64843,3783.66344,219,164,152,208,136,130
532,0,CHENNAI SUPER KINGS,MUMBAI INDIANS,HOME,Day/Night,LOST,30512.57947,3909.34684,169,162,144,590,140.7,139.87
533,1,SUNRISERS HYDERABAD,RAJASTHAN ROYALS,AWAY,Day,WON,26501.18947,3720.02531,151,155,144,429,145.06,142.33
534,0,ROYAL CHALLENGERS BANGALORE,KOLKATA KNIGHT RIDERS,HOME,Day/Night,LOST,27044.41163,2829.972492,175,168.5,153.5,917,118.872,107.8992
535,1,CHENNAI SUPER KINGS,DELHI CAPITALS,HOME,Day/Night,LOST,25207.87935,3960.405748,211,162,144,590,140.7,139.87
536,1,ROYAL CHALLENGERS BANGALORE,MUMBAI INDIANS,HOME,Day/Night,LOST,30042.38605,2849.634081,167,171,154,917,118.872,107.8992
537,0,CHENNAI SUPER KINGS,KOLKATA KNIGHT RIDERS,AWAY,Day/Night,LOST,26237.14816,3965.731681,177,160,150,5,135,135
538,0,PUNJAB KINGS,MUMBAI INDIANS,HOME,Day/Night,LOST,30401.49163,4235.784976,174,163,164,552,136,112
539,0,ROYAL CHALLENGERS BANGALORE,CHENNAI SUPER KINGS,AWAY,Day,LOST,37701.34928,2864.22339,127,162,144,590,140.7,139.87
540,0,DELHI CAPITALS,SUNRISERS HYDERABAD,AWAY,Day/Night,WON,26027.00657,3180.588061,163,147,146,495,135,135
541,1,MUMBAI INDIANS,KOLKATA KNIGHT RIDERS,HOME,Day,LOST,33347.76713,3636.321482,181,168,159,3,140,140
542,0,RAJASTHAN ROYALS,PUNJAB KINGS,AWAY,Day/Night,LOST,28632.05707,4035.024611,152,168.5,170,552,136,112
543,1,SUNRISERS HYDERABAD,ROYAL CHALLENGERS BANGALORE,HOME,Day/Night,LOST,27120.18132,4033.214721,146,147,146,495,135,135
544,1,RAJASTHAN ROYALS,PUNJAB KINGS,HOME,Day/Night,WON,27718.67656,3933.815654,158,154,144,429,145.06,142.33
545,1,MUMBAI INDIANS,KOLKATA KNIGHT RIDERS,AWAY,Day/Night,LOST,26208.00991,3597.736222,210,161.5,150,5,135,135
546,0,DELHI CAPITALS,SUNRISERS HYDERABAD,HOME,Day/Night,WON,24011.44012,3025.256283,187,164,152,208,136,130
547,0,CHENNAI SUPER KINGS,RAJASTHAN ROYALS,AWAY,Day/Night,WON,25043.78932,3746.185918,176,155,144,429,145.06,142.33
548,1,KOLKATA KNIGHT RIDERS,PUNJAB KINGS,AWAY,Day,LOST,24626.21771,3498.441504,245,163,164,552,136,112
549,0,DELHI CAPITALS,ROYAL CHALLENGERS BANGALORE,HOME,Day/Night,LOST,26335.45687,3537.45948,181,164.5,152.5,208,136,130
550,0,SUNRISERS HYDERABAD,CHENNAI SUPER KINGS,AWAY,Day,LOST,33620.49981,3589.123683,179,162,144,590,140.7,139.87
551,0,MUMBAI INDIANS,RAJASTHAN ROYALS,HOME,Day/Night,LOST,24589.2907,3676.68748,168,169,159,3,140,140
552,0,PUNJAB KINGS,ROYAL CHALLENGERS BANGALORE,HOME,Day/Night,LOST,27572.92575,3870.289384,88,168.5,170,552,136,112
553,0,RAJASTHAN ROYALS,KOLKATA KNIGHT RIDERS,AWAY,Day/Night,LOST,31419.63481,3824.250382,142,163,150,5,135,135
554,1,MUMBAI INDIANS,PUNJAB KINGS,HOME,Day/Night,LOST,28754.76074,3567.636592,186,168,159,3,140,140
555,1,ROYAL CHALLENGERS BANGALORE,SUNRISERS HYDERABAD,HOME,Day/Night,LOST,25523.90691,3237.054729,218,169,153.5,917,118.872,107.8992
556,1,DELHI CAPITALS,CHENNAI SUPER KINGS,HOME,Day/Night,LOST,32972.67595,3475.56059,162,165,153,208,136,130
557,1,RAJASTHAN ROYALS,ROYAL CHALLENGERS BANGALORE,HOME,Day,WON,28097.36414,3713.122821,164,156,144,429,145.06,142.33
558,0,SUNRISERS HYDERABAD,KOLKATA KNIGHT RIDERS,HOME,Day/Night,WON,33339.37837,3982.948512,172,147,146,495,135,135
559,1,DELHI CAPITALS,MUMBAI INDIANS,HOME,Day,WON,31483.21272,3359.049279,174,164.5,152.5,208,136,130
560,0,PUNJAB KINGS,CHENNAI SUPER KINGS,AWAY,Day/Night,LOST,29629.87971,3528.210913,153,162,144,590,140.7,139.87
561,0,SUNRISERS HYDERABAD,CHENNAI SUPER KINGS,NEUTRAL,Day/Night,LOST,32726.83403,4021.765463,139,169,159.5,3,140,140
562,1,KOLKATA KNIGHT RIDERS,RAJASTHAN ROYALS,HOME,Day/Night,LOST,18873.49573,4045.817719,169,161.5,149.5,5,135,135
563,1,SUNRISERS HYDERABAD,KOLKATA KNIGHT RIDERS,AWAY,Day/Night,LOST,28687.37949,3887.123708,174,163,149,5,135,135
564,0,SUNRISERS HYDERABAD,CHENNAI SUPER KINGS,NEUTRAL,Day/Night,LOST,30877.36355,4276.561872,178,168,159,3,140,140
565,0,ROYAL CHALLENGERS BANGALORE,CHENNAI SUPER KINGS,AWAY,Day/Night,LOST,31202.14013,3563.984279,70,161,149,5,131.66,137.16
566,0,SUNRISERS HYDERABAD,KOLKATA KNIGHT RIDERS,AWAY,Day,LOST,29227.45008,3661.920874,181,163,149.5,5,135,135
567,1,DELHI CAPITALS,MUMBAI INDIANS,AWAY,Day/Night,LOST,29763.75399,2981.827153,213,169,159.5,3,140,140
568,1,PUNJAB KINGS,RAJASTHAN ROYALS,AWAY,Day/Night,LOST,30729.25026,2933.103996,184,157,144,429,145.06,142.33
569,0,DELHI CAPITALS,CHENNAI SUPER KINGS,HOME,Day/Night,WON,29332.25363,3294.968482,147,165,153,208,136,130
570,1,KOLKATA KNIGHT RIDERS,PUNJAB KINGS,HOME,Day/Night,LOST,26436.05487,3678.699711,218,163,150,5,135,135
571,1,MUMBAI INDIANS,ROYAL CHALLENGERS BANGALORE,AWAY,Day/Night,LOST,24408.87639,4119.512989,187,171,154,917,118.872,107.8992
572,0,RAJASTHAN ROYALS,SUNRISERS HYDERABAD,AWAY,Day/Night,WON,35870.21287,3636.92682,198,147,146,495,135,135
573,0,MUMBAI INDIANS,PUNJAB KINGS,AWAY,Day,LOST,26164.64369,3988.979638,176,168,158,318,137.16,137.16
574,1,KOLKATA KNIGHT RIDERS,DELHI CAPITALS,AWAY,Day/Night,LOST,31532.95421,2867.541223,185,164.5,152.5,208,136,130
575,1,SUNRISERS HYDERABAD,ROYAL CHALLENGERS BANGALORE,HOME,Day,LOST,24387.48266,3418.909218,231,147,146,495,135,135
576,1,CHENNAI SUPER KINGS,RAJASTHAN ROYALS,HOME,Day/Night,LOST,30702.74426,3966.810749,175,160.5,149,5,131.66,137.16
577,1,PUNJAB KINGS,DELHI CAPITALS,HOME,Day/Night,LOST,31263.03482,3533.036099,166,170,158.5,318,137.16,137.16
578,0,ROYAL CHALLENGERS BANGALORE,RAJASTHAN ROYALS,AWAY,Day/Night,LOST,27363.599,2919.153238,158,158,144,429,145.06,142.33
579,1,MUMBAI INDIANS,CHENNAI SUPER KINGS,HOME,Day/Night,LOST,29323.97088,3876.495429,170,170,160,3,140,140
580,0,DELHI CAPITALS,SUNRISERS HYDERABAD,HOME,Day/Night,LOST,37310.29634,3668.928169,129,165,153,208,136,130
581,0,ROYAL CHALLENGERS BANGALORE,KOLKATA KNIGHT RIDERS,HOME,Day/Night,LOST,30399.97165,3158.930313,205,171,154,917,118.872,107.8992
582,1,CHENNAI SUPER KINGS,PUNJAB KINGS,HOME,Day,WON,30138.67796,3274.769501,160,161,149,5,131.66,137.16
583,0,MUMBAI INDIANS,SUNRISERS HYDERABAD,AWAY,Day/Night,LOST,35311.04509,3638.11704,136,147.5,146,495,135,135
584,0,ROYAL CHALLENGERS BANGALORE,DELHI CAPITALS,HOME,Day,LOST,29419.33551,3188.879348,149,171,154,917,118.872,107.8992
585,0,RAJASTHAN ROYALS,KOLKATA KNIGHT RIDERS,HOME,Day/Night,LOST,31684.02755,3529.461863,139,158,144,429,145.06,142.33
586,0,SUNRISERS HYDERABAD,PUNJAB KINGS,AWAY,Day/Night,LOST,30728.31558,4073.070737,150,168,158,318,137.16,137.16
587,0,KOLKATA KNIGHT RIDERS,CHENNAI SUPER KINGS,AWAY,Day/Night,LOST,33191.40611,3599.957624,108,160.5,149,5,131.66,137.16
588,0,PUNJAB KINGS,MUMBAI INDIANS,AWAY,Day/Night,LOST,26064.77559,3088.106087,197,170,159.5,3,140,140
589,0,RAJASTHAN ROYALS,CHENNAI SUPER KINGS,HOME,Day/Night,LOST,32839.87791,3067.661381,151,158,144,429,145.06,142.33
590,0,KOLKATA KNIGHT RIDERS,DELHI CAPITALS,HOME,Day/Night,LOST,29507.19299,3372.037048,178,163.5,150,5,135,135
591,0,MUMBAI INDIANS,RAJASTHAN ROYALS,HOME,Day,LOST,29378.57982,4402.085421,187,170,160,3,140,140
592,0,PUNJAB KINGS,ROYAL CHALLENGERS BANGALORE,HOME,Day/Night,LOST,22806.65712,3242.550885,173,167.5,155.5,318,137.16,137.16
593,0,KOLKATA KNIGHT RIDERS,CHENNAI SUPER KINGS,HOME,Day,LOST,31891.208,3463.691525,161,164,150,5,135,135
594,1,DELHI CAPITALS,SUNRISERS HYDERABAD,AWAY,Day/Night,LOST,38316.89639,3828.953124,155,147,146,495,135,135
595,0,ROYAL CHALLENGERS BANGALORE,MUMBAI INDIANS,AWAY,Day/Night,LOST,28206.09279,3259.384719,171,170,161,3,140,140
596,1,PUNJAB KINGS,RAJASTHAN ROYALS,HOME,Day/Night,LOST,25051.20254,2865.944101,182,168,158,318,137.16,137.16
597,0,CHENNAI SUPER KINGS,SUNRISERS HYDERABAD,AWAY,Day/Night,WON,30046.80238,3433.548103,132,147.5,145.5,495,135,135
598,1,MUMBAI INDIANS,DELHI CAPITALS,AWAY,Day/Night,WON,27360.57385,3689.038569,168,164.5,152.5,208,136,130
599,1,ROYAL CHALLENGERS BANGALORE,KOLKATA KNIGHT RIDERS,AWAY,Day/Night,LOST,29303.84664,3481.43957,213,163.5,152,5,135,135
600,0,MUMBAI INDIANS,RAJASTHAN ROYALS,AWAY,Day,LOST,26163.68224,4188.516967,161,157,144,429,145.06,142.33
601,0,PUNJAB KINGS,DELHI CAPITALS,AWAY,Day/Night,LOST,26654.70584,2947.855858,163,165,152,208,136,130
602,0,KOLKATA KNIGHT RIDERS,SUNRISERS HYDERABAD,AWAY,Day,LOST,28678.05585,3470.870312,159,147,145,495,135,135
603,1,ROYAL CHALLENGERS BANGALORE,CHENNAI SUPER KINGS,HOME,Day/Night,LOST,31227.37337,3391.633371,161,171,154,917,118.872,107.8992
604,0,RAJASTHAN ROYALS,DELHI CAPITALS,HOME,Day/Night,LOST,28790.23475,3640.854476,191,158,144,429,145.06,142.33
605,0,SUNRISERS HYDERABAD,CHENNAI SUPER KINGS,AWAY,Day/Night,LOST,32712.09149,3898.585161,175,160,149,5,131.66,137.16
606,1,ROYAL CHALLENGERS BANGALORE,PUNJAB KINGS,HOME,Day/Night,LOST,26294.61664,3026.140141,202,171,154,917,118.872,107.8992
607,0,KOLKATA KNIGHT RIDERS,RAJASTHAN ROYALS,HOME,Day/Night,LOST,25260.55495,3343.076152,175,164,154,5,135,135
608,1,MUMBAI INDIANS,CHENNAI SUPER KINGS,AWAY,Day/Night,LOST,27076.57027,3692.554675,155,160.5,149,5,131.66,137.16
609,0,SUNRISERS HYDERABAD,RAJASTHAN ROYALS,AWAY,Day/Night,LOST,25551.2028,3508.753616,160,158,145,429,145.06,142.33
610,1,DELHI CAPITALS,ROYAL CHALLENGERS BANGALORE,HOME,Day,WON,28172.03803,3602.504171,187,164.5,152.5,208,136,130
611,1,KOLKATA KNIGHT RIDERS,MUMBAI INDIANS,HOME,Day/Night,LOST,30249.60452,2974.670658,232,164,154.5,5,135,135
612,1,SUNRISERS HYDERABAD,PUNJAB KINGS,HOME,Day/Night,LOST,27491.5151,4200.061499,212,147.5,145.5,495,135,135
613,0,CHENNAI SUPER KINGS,DELHI CAPITALS,HOME,Day/Night,LOST,36046.65807,3505.023114,179,160,149,5,131.66,137.16
614,1,MUMBAI INDIANS,SUNRISERS HYDERABAD,HOME,Day/Night,WON,28563.93916,3739.057169,162,170,162,3,140,140
615,0,PUNJAB KINGS,KOLKATA KNIGHT RIDERS,HOME,Day/Night,LOST,31811.05118,3266.1285,183,170,158.5,318,137.16,137.16
616,0,RAJASTHAN ROYALS,DELHI CAPITALS,AWAY,Day,WON,26536.80619,3908.524016,115,165,153,208,136,130
617,0,SUNRISERS HYDERABAD,ROYAL CHALLENGERS BANGALORE,AWAY,Day/Night,LOST,22338.32111,3673.348708,175,171,154,917,118.872,107.8992
618,0,CHENNAI SUPER KINGS,PUNJAB KINGS,AWAY,Day,LOST,28232.16017,3605.216762,170,172,159,318,137.16,137.16
619,0,KOLKATA KNIGHT RIDERS,MUMBAI INDIANS,AWAY,Day/Night,LOST,28811.98605,2814.873809,133,170,162,3,140,140
620,0,CHENNAI SUPER KINGS,MUMBAI INDIANS,HOME,Day/Night,WON,28386.6399,3511.752583,131,160.5,148.5,5,131.66,137.16
621,0,SUNRISERS HYDERABAD,DELHI CAPITALS,NEUTRAL,Day/Night,LOST,26522.29675,3416.331255,162,167,127,50,135.68,133.98
622,0,DELHI CAPITALS,CHENNAI SUPER KINGS,NEUTRAL,Day/Night,LOST,32881.96701,3244.816131,147,164.5,129,50,135.68,133.98
623,1,MUMBAI INDIANS,CHENNAI SUPER KINGS,NEUTRAL,Day/Night,WON,30238.05,4021.231217,149,148,146,495,135,135
624,0,MUMBAI INDIANS,CHENNAI SUPER KINGS,NEUTRAL,Day/Night,LOST,31479.42279,3754.26814,162,152,122,3,124.51,123.75
625,1,DELHI CAPITALS,PUNJAB KINGS,NEUTRAL,Day/Night,LOST,24448.40421,3659.947323,157,141,142,27,118.872,118.872
626,1,ROYAL CHALLENGERS BANGALORE,SUNRISERS HYDERABAD,NEUTRAL,Day/Night,LOST,32708.00504,3084.670723,163,149,149.5,27,118.872,118.872
627,1,RAJASTHAN ROYALS,CHENNAI SUPER KINGS,NEUTRAL,Day/Night,LOST,29868.76616,3604.077879,216,147.5,146,6,122.93,119.9
628,1,MUMBAI INDIANS,KOLKATA KNIGHT RIDERS,NEUTRAL,Day/Night,LOST,26683.76636,3811.334661,195,157,128.5,3,124.51,123.75
629,1,PUNJAB KINGS,ROYAL CHALLENGERS BANGALORE,NEUTRAL,Day/Night,LOST,24435.79132,2615.233156,206,157,153,27,118.872,118.872
630,1,DELHI CAPITALS,CHENNAI SUPER KINGS,NEUTRAL,Day/Night,LOST,30628.9994,3426.390184,175,160,147.5,27,118.872,118.872
631,0,SUNRISERS HYDERABAD,KOLKATA KNIGHT RIDERS,NEUTRAL,Day/Night,WON,26388.98986,3514.589632,142,162,135,3,124.51,123.75
632,0,PUNJAB KINGS,RAJASTHAN ROYALS,NEUTRAL,Day/Night,LOST,28784.82426,3280.778837,223,150,146,6,122.93,119.9
633,1,ROYAL CHALLENGERS BANGALORE,MUMBAI INDIANS,NEUTRAL,Day/Night,LOST,28373.16665,4286.235417,201,163,142,27,118.872,118.872
634,1,SUNRISERS HYDERABAD,DELHI CAPITALS,NEUTRAL,Day/Night,LOST,29060.03027,2973.038363,162,157,140,3,124.51,123.75
635,1,KOLKATA KNIGHT RIDERS,RAJASTHAN ROYALS,NEUTRAL,Day/Night,LOST,30942.2372,3630.282162,174,164.5,147.5,27,118.872,118.872
636,1,MUMBAI INDIANS,PUNJAB KINGS,NEUTRAL,Day/Night,LOST,27272.83545,3646.684482,191,162,145,3,124.51,123.75
637,1,SUNRISERS HYDERABAD,CHENNAI SUPER KINGS,NEUTRAL,Day/Night,WON,32638.18347,2957.2878,164,166,142,27,118.872,118.872
638,0,RAJASTHAN ROYALS,ROYAL CHALLENGERS BANGALORE,NEUTRAL,Day,WON,25895.54904,3112.263526,154,162,144,3,124.51,123.75
639,1,DELHI CAPITALS,KOLKATA KNIGHT RIDERS,NEUTRAL,Day/Night,LOST,27946.59851,3904.910627,228,170.5,147,6,122.93,119.9
640,1,MUMBAI INDIANS,SUNRISERS HYDERABAD,NEUTRAL,Day,WON,33649.07815,3797.525478,208,191,148,6,122.93,119.9
641,0,PUNJAB KINGS,CHENNAI SUPER KINGS,NEUTRAL,Day/Night,WON,32807.98683,2788.496769,178,165,147.5,27,118.872,118.872
642,1,DELHI CAPITALS,ROYAL CHALLENGERS BANGALORE,NEUTRAL,Day/Night,LOST,29407.06551,3788.279006,196,166,153,27,118.872,118.872
643,1,MUMBAI INDIANS,RAJASTHAN ROYALS,NEUTRAL,Day/Night,WON,34480.54678,3822.625594,193,162,145,3,124.51,123.75
644,1,KOLKATA KNIGHT RIDERS,CHENNAI SUPER KINGS,NEUTRAL,Day/Night,WON,35092.68314,3328.722036,167,162,144,3,124.51,123.75
645,1,SUNRISERS HYDERABAD,PUNJAB KINGS,NEUTRAL,Day/Night,WON,24258.96616,2880.381949,201,169,147.5,27,118.872,118.872
646,1,DELHI CAPITALS,RAJASTHAN ROYALS,NEUTRAL,Day/Night,LOST,26757.27898,4035.968939,184,192,161,6,122.93,119.9
647,1,KOLKATA KNIGHT RIDERS,PUNJAB KINGS,NEUTRAL,Day,WON,24836.07739,3350.299023,164,162,145,3,124.51,123.75
648,1,ROYAL CHALLENGERS BANGALORE,CHENNAI SUPER KINGS,NEUTRAL,Day/Night,WON,33430.70773,3623.598552,169,172,142,27,118.872,118.872
649,0,SUNRISERS HYDERABAD,RAJASTHAN ROYALS,NEUTRAL,Day,WON,27513.57314,3191.595216,158,170.5,139.5,27,118.872,118.872
650,0,DELHI CAPITALS,MUMBAI INDIANS,NEUTRAL,Day/Night,WON,34456.61059,4309.915865,162,162.5,145.5,3,124.51,123.75
651,1,ROYAL CHALLENGERS BANGALORE,KOLKATA KNIGHT RIDERS,NEUTRAL,Day/Night,WON,30069.64174,3834.393395,194,191,148,6,122.93,119.9
652,1,CHENNAI SUPER KINGS,SUNRISERS HYDERABAD,NEUTRAL,Day/Night,WON,28545.78302,4019.43382,167,169,142,27,118.872,118.872
653,1,DELHI CAPITALS,RAJASTHAN ROYALS,NEUTRAL,Day/Night,WON,27398.74679,4070.750253,161,168,144.5,27,118.872,118.872
654,0,ROYAL CHALLENGERS BANGALORE,PUNJAB KINGS,NEUTRAL,Day/Night,WON,26532.24239,3917.430842,171,192,147,6,122.93,119.9
655,0,KOLKATA KNIGHT RIDERS,MUMBAI INDIANS,NEUTRAL,Day/Night,WON,33974.03753,2857.771938,148,162,146,3,124.51,123.75
656,0,RAJASTHAN ROYALS,ROYAL CHALLENGERS BANGALORE,NEUTRAL,Day,WON,30937.39428,3363.984263,177,167,147,27,118.872,118.872
657,0,CHENNAI SUPER KINGS,DELHI CAPITALS,NEUTRAL,Day/Night,WON,28166.17519,3569.276537,179,191,148,6,122.93,119.9
658,1,KOLKATA KNIGHT RIDERS,SUNRISERS HYDERABAD,NEUTRAL,Day,LOST,33220.52379,2586.91387,163,162,146.5,3,124.51,123.75
659,1,MUMBAI INDIANS,PUNJAB KINGS,NEUTRAL,Day/Night,WON,25745.72205,3931.35841,176,168,147.5,27,118.872,118.872
660,0,CHENNAI SUPER KINGS,RAJASTHAN ROYALS,NEUTRAL,Day/Night,WON,27586.73843,3474.727015,125,162,147,3,124.51,123.75
661,0,DELHI CAPITALS,PUNJAB KINGS,NEUTRAL,Day/Night,WON,26925.08376,3722.282667,164,169,148,27,118.872,118.872
662,0,KOLKATA KNIGHT RIDERS,ROYAL CHALLENGERS BANGALORE,NEUTRAL,Day/Night,WON,29783.9244,2360.99724,84,162,146.5,3,124.51,123.75
663,0,RAJASTHAN ROYALS,SUNRISERS HYDERABAD,NEUTRAL,Day/Night,LOST,26588.91176,3240.272303,154,168,150.5,27,118.872,118.872
664,0,CHENNAI SUPER KINGS,MUMBAI INDIANS,NEUTRAL,Day/Night,LOST,30829.49577,3492.433261,114,187.5,161,6,122.93,119.9
665,1,KOLKATA KNIGHT RIDERS,DELHI CAPITALS,NEUTRAL,Day,LOST,32677.26231,2850.834336,194,162,146,3,124.51,123.75
666,1,PUNJAB KINGS,SUNRISERS HYDERABAD,NEUTRAL,Day/Night,LOST,26058.16655,3085.321403,126,167,153,27,118.872,118.872
667,0,ROYAL CHALLENGERS BANGALORE,CHENNAI SUPER KINGS,NEUTRAL,Day,WON,27365.40653,3837.733915,145,166.5,150.5,27,118.872,118.872
668,0,MUMBAI INDIANS,RAJASTHAN ROYALS,NEUTRAL,Day/Night,WON,29036.41866,3881.501548,195,162,145.5,3,124.51,123.75
669,0,KOLKATA KNIGHT RIDERS,PUNJAB KINGS,NEUTRAL,Day/Night,LOST,26115.78054,3195.270796,149,184,148,6,122.93,119.9
670,1,SUNRISERS HYDERABAD,DELHI CAPITALS,NEUTRAL,Day/Night,LOST,32116.26735,3000.77867,219,166,150,27,118.872,118.872
671,0,ROYAL CHALLENGERS BANGALORE,MUMBAI INDIANS,NEUTRAL,Day/Night,LOST,31386.40271,3737.230065,164,162,146,3,124.51,123.75
672,0,KOLKATA KNIGHT RIDERS,CHENNAI SUPER KINGS,NEUTRAL,Day/Night,LOST,29572.10659,2782.412135,172,166.5,149,27,118.872,118.872
673,0,PUNJAB KINGS,RAJASTHAN ROYALS,NEUTRAL,Day/Night,LOST,29030.4694,3447.423999,185,162.5,146.5,3,124.51,123.75
674,0,DELHI CAPITALS,MUMBAI INDIANS,NEUTRAL,Day,LOST,26452.20054,3512.451626,110,167,150,27,118.872,118.872
675,0,ROYAL CHALLENGERS BANGALORE,SUNRISERS HYDERABAD,NEUTRAL,Day/Night,LOST,26618.87854,3414.05247,120,181.5,149,6,122.93,119.9
676,0,PUNJAB KINGS,CHENNAI SUPER KINGS,NEUTRAL,Day,LOST,27898.71511,2681.036424,153,163,147,3,124.51,123.75
677,1,KOLKATA KNIGHT RIDERS,RAJASTHAN ROYALS,NEUTRAL,Day/Night,LOST,30738.64438,3169.365843,191,166.5,149,27,118.872,118.872
678,0,ROYAL CHALLENGERS BANGALORE,DELHI CAPITALS,NEUTRAL,Day/Night,LOST,28670.28067,3602.364179,152,162.5,148,3,124.51,123.75
679,0,MUMBAI INDIANS,SUNRISERS HYDERABAD,NEUTRAL,Day/Night,LOST,25562.1912,3207.583468,149,179,148,6,122.93,119.9
680,1,MUMBAI INDIANS,DELHI CAPITALS,NEUTRAL,Day/Night,LOST,27443.15004,3790.37439,200,167,148,27,118.872,118.872
681,0,ROYAL CHALLENGERS BANGALORE,SUNRISERS HYDERABAD,NEUTRAL,Day/Night,LOST,23750.32394,3780.02897,131,162,149,3,124.51,123.75
682,1,DELHI CAPITALS,SUNRISERS HYDERABAD,NEUTRAL,Day/Night,WON,23101.79288,3513.15245,189,162,148,3,124.51,123.75
683,0,DELHI CAPITALS,MUMBAI INDIANS,NEUTRAL,Day/Night,WON,31780.30723,3492.431989,156,168,147.5,27,118.872,118.872
684,0,MUMBAI INDIANS,ROYAL CHALLENGERS BANGALORE,NEUTRAL,Day/Night,LOST,21754.92501,3661.874038,159,160,148,5,131.66,137.16
685,0,CHENNAI SUPER KINGS,DELHI CAPITALS,NEUTRAL,Day/Night,LOST,28444.01329,3117.206326,188,170,162,3,140,140
686,1,KOLKATA KNIGHT RIDERS,SUNRISERS HYDERABAD,NEUTRAL,Day/Night,LOST,29632.38664,3574.134962,187,160,148.5,5,131.66,137.16
687,1,PUNJAB KINGS,RAJASTHAN ROYALS,NEUTRAL,Day/Night,LOST,27723.81351,3082.628836,221,170,162,3,140,140
688,1,MUMBAI INDIANS,KOLKATA KNIGHT RIDERS,NEUTRAL,Day/Night,LOST,27907.49456,3906.949658,152,160,149,5,131.66,137.16
689,1,ROYAL CHALLENGERS BANGALORE,SUNRISERS HYDERABAD,NEUTRAL,Day/Night,LOST,30634.54873,4134.370022,149,160,148.5,5,131.66,137.16
690,0,DELHI CAPITALS,RAJASTHAN ROYALS,NEUTRAL,Day/Night,LOST,27148.71323,3657.262495,147,170,162,3,140,140
691,0,PUNJAB KINGS,CHENNAI SUPER KINGS,NEUTRAL,Day/Night,LOST,35351.20429,2999.769296,106,170,162,3,140,140
692,1,MUMBAI INDIANS,SUNRISERS HYDERABAD,NEUTRAL,Day/Night,WON,27915.00732,3678.946167,150,160,148,5,131.66,137.16
693,1,ROYAL CHALLENGERS BANGALORE,KOLKATA KNIGHT RIDERS,NEUTRAL,Day,WON,27430.2357,4104.441871,204,159.5,147.5,5,131.66,137.16
694,0,PUNJAB KINGS,DELHI CAPITALS,NEUTRAL,Day/Night,LOST,26394.95651,2648.432819,195,170,162,3,140,140
695,1,CHENNAI SUPER KINGS,RAJASTHAN ROYALS,NEUTRAL,Day/Night,LOST,26985.67886,3141.68028,188,170,162,3,140,140
696,0,MUMBAI INDIANS,DELHI CAPITALS,NEUTRAL,Day/Night,WON,29802.3135,3678.328822,137,160,148,5,131.66,137.16
697,0,PUNJAB KINGS,SUNRISERS HYDERABAD,NEUTRAL,Day,WON,26989.40329,2566.456536,120,159.5,147.5,5,131.66,137.16
698,1,CHENNAI SUPER KINGS,KOLKATA KNIGHT RIDERS,NEUTRAL,Day/Night,LOST,27047.0311,3681.1115,220,170,162,3,140,140
699,0,RAJASTHAN ROYALS,ROYAL CHALLENGERS BANGALORE,NEUTRAL,Day/Night,LOST,24172.75002,3342.425521,177,170.5,162,3,140,140
700,0,MUMBAI INDIANS,PUNJAB KINGS,NEUTRAL,Day/Night,LOST,32511.15722,3555.825598,131,159,147,5,131.66,137.16
701,0,KOLKATA KNIGHT RIDERS,RAJASTHAN ROYALS,NEUTRAL,Day/Night,LOST,25553.68178,3356.975717,133,171,162,3,140,140
702,1,CHENNAI SUPER KINGS,ROYAL CHALLENGERS BANGALORE,NEUTRAL,Day,WON,27206.64149,3575.036322,191,170.5,162,3,140,140
703,1,DELHI CAPITALS,SUNRISERS HYDERABAD,NEUTRAL,Day/Night,WON,28547.47489,3530.190396,159,159,147,5,131.66,137.16
704,0,PUNJAB KINGS,KOLKATA KNIGHT RIDERS,NEUTRAL,Day/Night,LOST,25921.04785,2974.865219,123,163,150,54,164.592,137.16
705,1,ROYAL CHALLENGERS BANGALORE,DELHI CAPITALS,NEUTRAL,Day/Night,LOST,29133.99771,3484.277495,171,155,145.2,54,164.592,137.16
706,0,SUNRISERS HYDERABAD,CHENNAI SUPER KINGS,NEUTRAL,Day/Night,WON,34998.74383,3460.228443,171,164.5,152.5,208,136,130
707,0,RAJASTHAN ROYALS,MUMBAI INDIANS,NEUTRAL,Day,LOST,23517.8472,3212.339077,171,165,153,208,136,130
708,0,KOLKATA KNIGHT RIDERS,DELHI CAPITALS,NEUTRAL,Day/Night,LOST,32169.24996,3569.504875,154,156.6,149.2,54,164.592,137.16
709,1,PUNJAB KINGS,ROYAL CHALLENGERS BANGALORE,NEUTRAL,Day/Night,LOST,27567.31291,2470.596178,179,157.6,153.6,54,164.592,137.16
710,0,CHENNAI SUPER KINGS,MUMBAI INDIANS,NEUTRAL,Day/Night,LOST,24810.75071,3821.872167,218,166.5,153.5,208,136,130
711,1,RAJASTHAN ROYALS,SUNRISERS HYDERABAD,NEUTRAL,Day,LOST,32168.55635,2737.638176,220,168,154,208,136,130
712,0,PUNJAB KINGS,DELHI CAPITALS,NEUTRAL,Day/Night,LOST,34787.54969,2724.024807,166,162.6,150.4,54,164.592,137.16
713,1,CHENNAI SUPER KINGS,MUMBAI INDIANS,NEUTRAL,Day/Night,WON,29143.3178,3280.651698,156,167,148,27,118.872,118.872
714,0,ROYAL CHALLENGERS BANGALORE,KOLKATA KNIGHT RIDERS,NEUTRAL,Day/Night,WON,27804.45105,3807.617491,92,162,149,3,124.51,123.75
715,1,RAJASTHAN ROYALS,PUNJAB KINGS,NEUTRAL,Day/Night,LOST,28235.12954,2763.094244,185,166.5,147.5,27,118.872,118.872
716,0,SUNRISERS HYDERABAD,DELHI CAPITALS,NEUTRAL,Day/Night,WON,31331.91802,3381.279727,134,167,148,27,118.872,118.872
717,0,MUMBAI INDIANS,KOLKATA KNIGHT RIDERS,NEUTRAL,Day/Night,LOST,28675.36717,3063.686575,155,162,148,3,124.51,123.75
718,0,ROYAL CHALLENGERS BANGALORE,CHENNAI SUPER KINGS,NEUTRAL,Day/Night,LOST,38405.86655,3078.813362,156,175,149,6,122.93,119.9
719,1,DELHI CAPITALS,RAJASTHAN ROYALS,NEUTRAL,Day,LOST,22596.57805,3898.895462,154,162,149,3,124.51,123.75
720,1,PUNJAB KINGS,SUNRISERS HYDERABAD,NEUTRAL,Day/Night,LOST,26006.37602,3331.849746,125,171,150,6,122.93,119.9
721,0,KOLKATA KNIGHT RIDERS,CHENNAI SUPER KINGS,NEUTRAL,Day,WON,35871.33972,3170.650788,171,162,148,3,124.51,123.75
722,1,ROYAL CHALLENGERS BANGALORE,MUMBAI INDIANS,NEUTRAL,Day/Night,LOST,28671.28063,3847.336477,165,166.5,147.5,27,118.872,118.872
723,0,RAJASTHAN ROYALS,SUNRISERS HYDERABAD,NEUTRAL,Day/Night,WON,21463.95266,2916.141174,164,166,147,27,118.872,118.872
724,0,DELHI CAPITALS,KOLKATA KNIGHT RIDERS,NEUTRAL,Day,LOST,29117.47327,3864.300468,127,163.5,149,6,122.93,119.9
725,0,PUNJAB KINGS,MUMBAI INDIANS,NEUTRAL,Day/Night,LOST,27384.24984,3305.485545,135,162,149,3,124.51,123.75
726,0,RAJASTHAN ROYALS,ROYAL CHALLENGERS BANGALORE,NEUTRAL,Day/Night,LOST,23878.18453,3008.792613,149,165.5,147.5,27,118.872,118.872
727,0,SUNRISERS HYDERABAD,CHENNAI SUPER KINGS,NEUTRAL,Day/Night,LOST,34403.85402,3694.023936,134,156,148,6,122.93,119.9
728,0,KOLKATA KNIGHT RIDERS,PUNJAB KINGS,NEUTRAL,Day/Night,LOST,24534.98661,2843.201047,165,165,148,27,118.872,118.872
729,0,MUMBAI INDIANS,DELHI CAPITALS,NEUTRAL,Day,LOST,29721.23023,3407.790262,129,153,147,6,122.93,119.9
730,0,CHENNAI SUPER KINGS,RAJASTHAN ROYALS,NEUTRAL,Day/Night,LOST,24434.35669,3181.55029,189,162,148,3,124.51,123.75
731,1,ROYAL CHALLENGERS BANGALORE,PUNJAB KINGS,NEUTRAL,Day,WON,34124.77082,4298.458651,164,150,146,6,122.93,119.9
732,0,SUNRISERS HYDERABAD,KOLKATA KNIGHT RIDERS,NEUTRAL,Day/Night,WON,30989.27359,3586.680719,115,165,149,27,118.872,118.872
733,0,CHENNAI SUPER KINGS,DELHI CAPITALS,NEUTRAL,Day/Night,LOST,28364.08517,3100.390113,136,165,148,27,118.872,118.872
734,0,RAJASTHAN ROYALS,MUMBAI INDIANS,NEUTRAL,Day/Night,LOST,23211.05111,2783.877822,90,153,147,6,122.93,119.9
735,1,SUNRISERS HYDERABAD,ROYAL CHALLENGERS BANGALORE,NEUTRAL,Day/Night,LOST,24969.69792,3487.587576,141,162,149,3,124.51,123.75
736,0,CHENNAI SUPER KINGS,PUNJAB KINGS,NEUTRAL,Day,LOST,30883.29155,3254.582587,134,164.5,147.5,27,118.872,118.872
737,0,KOLKATA KNIGHT RIDERS,RAJASTHAN ROYALS,NEUTRAL,Day/Night,LOST,23490.7326,3721.117906,171,150,146,6,122.93,119.9
738,1,MUMBAI INDIANS,SUNRISERS HYDERABAD,NEUTRAL,Day/Night,WON,20431.94959,4174.063357,235,162,148,3,124.51,123.75
739,0,DELHI CAPITALS,ROYAL CHALLENGERS BANGALORE,NEUTRAL,Day/Night,LOST,25244.97869,3881.169582,164,164,147,27,118.872,118.872
740,0,DELHI CAPITALS,CHENNAI SUPER KINGS,NEUTRAL,Day/Night,LOST,33015.99879,3871.401474,172,164,147.5,27,118.872,118.872
741,0,ROYAL CHALLENGERS BANGALORE,KOLKATA KNIGHT RIDERS,NEUTRAL,Day/Night,WON,28512.09223,4058.529792,138,153,146,6,122.93,119.9
742,0,DELHI CAPITALS,KOLKATA KNIGHT RIDERS,NEUTRAL,Day/Night,LOST,27521.32211,3659.870032,135,150,146,6,122.93,119.9
743,1,CHENNAI SUPER KINGS,KOLKATA KNIGHT RIDERS,NEUTRAL,Day/Night,LOST,27461.49571,3141.064247,192,164,148,27,118.872,118.872
